,id,first_reviewer_discarded,second_reviewer_discarded
0,1158,TRUE,TRUE
1,1037,TRUE,FALSE
2,1489,TRUE,TRUE
3,273,TRUE,FALSE
4,394,TRUE,TRUE
5,758,TRUE,TRUE
6,1128,TRUE,TRUE
7,1284,TRUE,FALSE
8,424,TRUE,TRUE
9,406,TRUE,FALSE
10,1136,TRUE,FALSE
11,946,TRUE,FALSE
12,176,TRUE,FALSE
13,576,TRUE,FALSE
14,849,TRUE,FALSE
15,292,TRUE,TRUE
16,1307,TRUE,TRUE
17,1366,TRUE,FALSE
18,22,TRUE,TRUE
19,156,TRUE,FALSE
20,932,TRUE,TRUE
21,1273,TRUE,FALSE
22,1475,TRUE,TRUE
23,1235,TRUE,FALSE
24,173,TRUE,TRUE
25,733,TRUE,FALSE
26,42,FALSE,FALSE
27,1263,TRUE,FALSE
28,161,TRUE,TRUE
29,1426,TRUE,TRUE
30,1308,TRUE,TRUE
31,1431,TRUE,FALSE
32,1258,TRUE,FALSE
33,1372,TRUE,TRUE
34,632,TRUE,TRUE
35,1444,TRUE,FALSE
36,440,TRUE,TRUE
37,1422,TRUE,FALSE
38,1004,TRUE,FALSE
39,1415,TRUE,TRUE
40,349,TRUE,TRUE
41,187,TRUE,TRUE
42,794,TRUE,TRUE
43,914,TRUE,FALSE
44,1368,TRUE,FALSE
45,1119,TRUE,FALSE
46,506,TRUE,TRUE
47,508,TRUE,TRUE
48,1416,TRUE,FALSE
49,1262,TRUE,FALSE
50,357,TRUE,TRUE
51,1194,TRUE,TRUE
52,1463,TRUE,FALSE
53,1468,TRUE,FALSE
54,315,TRUE,TRUE
55,1486,TRUE,FALSE
56,1030,TRUE,FALSE
57,305,TRUE,TRUE
58,4,TRUE,TRUE
59,181,TRUE,FALSE
60,96,FALSE,FALSE
61,1312,TRUE,TRUE
62,1484,TRUE,TRUE
63,1039,TRUE,FALSE
64,1201,TRUE,TRUE
65,631,TRUE,TRUE
66,1314,TRUE,TRUE
67,107,FALSE,FALSE
68,1148,TRUE,TRUE
69,822,TRUE,FALSE
70,920,TRUE,FALSE
71,1058,TRUE,FALSE
72,219,TRUE,TRUE
73,175,TRUE,TRUE
74,363,TRUE,FALSE
75,1432,TRUE,TRUE
76,523,TRUE,FALSE
77,1319,TRUE,FALSE
78,487,TRUE,FALSE
79,1053,TRUE,TRUE
80,1190,TRUE,FALSE
81,1452,TRUE,TRUE
82,128,FALSE,FALSE
83,735,TRUE,FALSE
84,924,TRUE,FALSE
85,410,TRUE,FALSE
86,152,TRUE,TRUE
87,1216,TRUE,FALSE
88,428,TRUE,FALSE
89,1140,TRUE,TRUE
90,1279,TRUE,TRUE
91,1403,TRUE,TRUE
92,222,TRUE,TRUE
93,1006,TRUE,FALSE
94,651,TRUE,TRUE
95,359,TRUE,FALSE
96,1005,TRUE,FALSE
97,193,TRUE,TRUE
98,1449,TRUE,TRUE
99,1098,TRUE,FALSE
100,548,TRUE,TRUE
101,922,TRUE,TRUE
102,1212,TRUE,TRUE
103,453,TRUE,TRUE
104,1087,TRUE,FALSE
105,186,TRUE,TRUE
106,1457,TRUE,FALSE
107,886,TRUE,FALSE
108,779,TRUE,FALSE
109,1231,TRUE,FALSE
110,1276,TRUE,FALSE
111,110,FALSE,FALSE
112,811,TRUE,FALSE
113,557,TRUE,TRUE
114,1189,TRUE,TRUE
115,58,FALSE,FALSE
116,1474,TRUE,TRUE
117,623,TRUE,FALSE
118,485,TRUE,FALSE
119,850,TRUE,FALSE
120,294,TRUE,FALSE
121,1439,TRUE,FALSE
122,1081,TRUE,FALSE
123,1102,TRUE,FALSE
124,1453,TRUE,TRUE
125,382,TRUE,TRUE
126,258,TRUE,TRUE
127,341,TRUE,FALSE
128,483,TRUE,TRUE
129,450,TRUE,FALSE
130,513,TRUE,FALSE
131,473,TRUE,TRUE
132,69,FALSE,FALSE
133,1259,TRUE,FALSE
134,379,TRUE,TRUE
135,320,TRUE,FALSE
136,679,TRUE,FALSE
137,983,TRUE,FALSE
138,976,TRUE,FALSE
139,729,TRUE,TRUE
140,680,TRUE,TRUE
141,1365,TRUE,TRUE
142,589,TRUE,FALSE
143,127,FALSE,FALSE
144,522,TRUE,FALSE
145,1079,TRUE,TRUE
146,575,TRUE,FALSE
147,816,TRUE,TRUE
148,1141,TRUE,FALSE
149,1329,TRUE,TRUE
150,1398,TRUE,FALSE
151,1447,TRUE,FALSE
152,676,TRUE,TRUE
153,507,TRUE,TRUE
154,1094,TRUE,TRUE
155,214,TRUE,TRUE
156,1481,TRUE,FALSE
157,741,TRUE,FALSE
158,716,TRUE,TRUE
159,1336,TRUE,FALSE
160,457,TRUE,FALSE
161,592,TRUE,TRUE
162,1440,TRUE,TRUE
163,95,FALSE,FALSE
164,281,TRUE,FALSE
165,519,TRUE,TRUE
166,1203,TRUE,FALSE
167,288,TRUE,TRUE
168,21,TRUE,TRUE
169,3,TRUE,TRUE
170,1038,TRUE,TRUE
171,927,TRUE,FALSE
172,1027,TRUE,TRUE
173,981,TRUE,FALSE
174,921,TRUE,TRUE
175,774,TRUE,FALSE
176,1385,TRUE,TRUE
177,398,TRUE,FALSE
178,249,TRUE,TRUE
179,1233,TRUE,TRUE
180,165,TRUE,FALSE
181,1217,TRUE,FALSE
182,639,TRUE,TRUE
183,296,TRUE,FALSE
184,1267,TRUE,TRUE
185,937,TRUE,FALSE
186,868,TRUE,FALSE
187,34,FALSE,FALSE
188,418,TRUE,TRUE
189,947,TRUE,TRUE
190,978,TRUE,FALSE
191,1229,TRUE,FALSE
192,1411,TRUE,TRUE
193,67,FALSE,FALSE
194,1326,TRUE,FALSE
195,1084,TRUE,TRUE
196,1020,TRUE,FALSE
197,325,TRUE,FALSE
198,895,TRUE,FALSE
199,1060,TRUE,FALSE
200,387,TRUE,TRUE
201,443,TRUE,TRUE
202,1017,TRUE,TRUE
203,484,TRUE,FALSE
204,1224,TRUE,TRUE
205,1051,TRUE,TRUE
206,1209,TRUE,TRUE
207,393,TRUE,TRUE
208,1424,TRUE,FALSE
209,1428,TRUE,TRUE
210,312,TRUE,TRUE
211,1151,TRUE,TRUE
212,862,TRUE,FALSE
213,1185,TRUE,TRUE
214,469,TRUE,FALSE
215,662,TRUE,TRUE
216,608,TRUE,TRUE
217,317,TRUE,FALSE
218,1254,TRUE,TRUE
219,1048,TRUE,FALSE
220,1101,TRUE,FALSE
221,194,TRUE,FALSE
222,1271,TRUE,TRUE
223,360,TRUE,TRUE
224,367,TRUE,TRUE
225,1215,TRUE,FALSE
226,1019,TRUE,TRUE
227,46,FALSE,FALSE
228,1210,TRUE,TRUE
229,1389,TRUE,FALSE
230,719,TRUE,FALSE
231,275,TRUE,TRUE
232,247,TRUE,FALSE
233,1412,TRUE,TRUE
234,423,TRUE,FALSE
235,136,FALSE,FALSE
236,647,TRUE,FALSE
237,1238,TRUE,FALSE
238,1182,TRUE,FALSE
239,411,TRUE,TRUE
240,1354,TRUE,FALSE
241,495,TRUE,FALSE
242,154,TRUE,FALSE
243,474,TRUE,TRUE
244,899,TRUE,FALSE
245,1282,TRUE,TRUE
246,1350,TRUE,TRUE
247,675,TRUE,TRUE
248,422,TRUE,TRUE
249,969,TRUE,FALSE
250,264,TRUE,FALSE
251,185,TRUE,FALSE
252,653,TRUE,TRUE
253,1253,TRUE,TRUE
254,1275,TRUE,FALSE
255,270,TRUE,FALSE
256,23,TRUE,TRUE
257,898,TRUE,FALSE
258,625,TRUE,FALSE
259,351,TRUE,FALSE
260,970,TRUE,FALSE
261,887,TRUE,FALSE
262,837,TRUE,FALSE
263,817,TRUE,FALSE
264,433,TRUE,TRUE
265,1226,TRUE,FALSE
266,1187,TRUE,TRUE
267,911,TRUE,TRUE
268,491,TRUE,TRUE
269,734,TRUE,TRUE
270,1123,TRUE,FALSE
271,605,TRUE,FALSE
272,1317,TRUE,FALSE
273,436,TRUE,FALSE
274,1248,TRUE,FALSE
275,180,TRUE,TRUE
276,660,TRUE,TRUE
277,1219,TRUE,TRUE
278,437,TRUE,TRUE
279,626,TRUE,TRUE
280,949,TRUE,TRUE
281,998,TRUE,TRUE
282,197,TRUE,FALSE
283,711,TRUE,FALSE
284,780,TRUE,FALSE
285,482,TRUE,TRUE
286,879,TRUE,FALSE
287,500,TRUE,FALSE
288,1169,TRUE,TRUE
289,505,TRUE,TRUE
290,1171,TRUE,FALSE
291,1138,TRUE,TRUE
292,875,TRUE,FALSE
293,1085,TRUE,TRUE
294,1353,TRUE,FALSE
295,420,TRUE,TRUE
296,1255,TRUE,FALSE
297,188,TRUE,FALSE
298,1438,TRUE,TRUE
299,1407,TRUE,FALSE
300,1322,TRUE,TRUE
301,845,TRUE,TRUE
302,1184,TRUE,TRUE
303,650,TRUE,FALSE
304,291,TRUE,FALSE
305,210,TRUE,FALSE
306,1016,TRUE,FALSE
307,1361,TRUE,FALSE
308,767,TRUE,FALSE
309,298,TRUE,TRUE
310,81,FALSE,FALSE
311,244,TRUE,FALSE
312,602,TRUE,FALSE
313,468,TRUE,FALSE
314,954,TRUE,TRUE
315,1218,TRUE,TRUE
316,800,TRUE,TRUE
317,1100,TRUE,FALSE
318,1495,TRUE,TRUE
319,204,TRUE,TRUE
320,1021,TRUE,FALSE
321,1436,TRUE,TRUE
322,347,TRUE,TRUE
323,1409,TRUE,TRUE
324,179,TRUE,TRUE
325,686,TRUE,TRUE
326,1455,TRUE,TRUE
327,297,TRUE,FALSE
328,361,TRUE,FALSE
329,1173,TRUE,FALSE
330,974,TRUE,FALSE
331,1387,TRUE,TRUE
332,402,TRUE,TRUE
333,472,TRUE,TRUE
334,643,TRUE,TRUE
335,1406,TRUE,FALSE
336,889,TRUE,FALSE
337,1401,TRUE,FALSE
338,89,FALSE,FALSE
339,373,TRUE,FALSE
340,723,TRUE,TRUE
341,327,TRUE,FALSE
342,1121,TRUE,TRUE
343,1177,TRUE,FALSE
344,109,FALSE,FALSE
345,884,TRUE,TRUE
346,1222,TRUE,TRUE
347,1323,TRUE,TRUE
348,1097,TRUE,FALSE
349,199,TRUE,TRUE
350,1358,TRUE,FALSE
351,369,TRUE,FALSE
352,441,TRUE,TRUE
353,339,TRUE,TRUE
354,1178,TRUE,FALSE
355,1011,TRUE,FALSE
356,757,TRUE,TRUE
357,254,TRUE,TRUE
358,377,TRUE,TRUE
359,1360,TRUE,FALSE
360,1497,TRUE,TRUE
361,952,TRUE,TRUE
362,78,FALSE,FALSE
363,1356,TRUE,FALSE
364,994,TRUE,FALSE
365,1399,TRUE,TRUE
366,852,TRUE,TRUE
367,865,TRUE,TRUE
368,1394,TRUE,FALSE
369,1061,TRUE,FALSE
370,1417,TRUE,TRUE
371,1,TRUE,TRUE
372,1206,TRUE,FALSE
373,517,TRUE,TRUE
374,106,FALSE,FALSE
375,1200,TRUE,TRUE
376,178,TRUE,TRUE
377,1392,TRUE,FALSE
378,1310,TRUE,TRUE
379,370,TRUE,FALSE
380,71,FALSE,FALSE
381,684,TRUE,FALSE
382,267,TRUE,FALSE
383,1156,TRUE,FALSE
384,1205,TRUE,TRUE
385,396,TRUE,FALSE
386,1395,TRUE,TRUE
387,162,TRUE,FALSE
388,511,TRUE,TRUE
389,1472,TRUE,FALSE
390,132,FALSE,FALSE
391,582,TRUE,FALSE
392,1095,TRUE,TRUE
393,916,TRUE,FALSE
394,1466,TRUE,FALSE
395,863,TRUE,TRUE
396,399,TRUE,TRUE
397,1052,TRUE,TRUE
398,737,TRUE,FALSE
399,583,TRUE,FALSE
400,615,TRUE,FALSE
401,452,TRUE,FALSE
402,830,TRUE,FALSE
403,98,TRUE,TRUE
404,1400,TRUE,FALSE
405,1482,TRUE,FALSE
406,744,TRUE,TRUE
407,1340,TRUE,TRUE
408,490,TRUE,TRUE
409,590,TRUE,FALSE
410,82,FALSE,FALSE
411,763,TRUE,FALSE
412,119,FALSE,FALSE
413,306,TRUE,FALSE
414,480,TRUE,FALSE
415,860,TRUE,TRUE
416,338,TRUE,TRUE
417,1066,TRUE,FALSE
418,412,TRUE,TRUE
419,79,FALSE,FALSE
420,1470,TRUE,FALSE
421,950,TRUE,TRUE
422,812,TRUE,FALSE
423,1159,TRUE,TRUE
424,131,FALSE,FALSE
425,17,TRUE,FALSE
426,212,FALSE,FALSE
427,1116,TRUE,FALSE
428,907,TRUE,TRUE
429,1070,TRUE,FALSE
430,1147,TRUE,FALSE
431,1469,TRUE,TRUE
432,353,TRUE,FALSE
433,813,TRUE,FALSE
434,515,TRUE,TRUE
435,1164,TRUE,FALSE
436,574,TRUE,FALSE
437,1245,TRUE,TRUE
438,1335,TRUE,FALSE
439,616,TRUE,FALSE
440,1211,TRUE,TRUE
441,1344,TRUE,FALSE
442,1393,TRUE,FALSE
443,333,TRUE,FALSE
444,1230,TRUE,TRUE
445,1496,TRUE,TRUE
446,956,TRUE,FALSE
447,395,TRUE,TRUE
448,216,TRUE,FALSE
449,1423,TRUE,FALSE
450,666,TRUE,FALSE
451,45,FALSE,FALSE
452,1294,TRUE,FALSE
453,958,TRUE,TRUE
454,1297,TRUE,FALSE
455,1419,TRUE,TRUE
456,1103,TRUE,FALSE
457,1303,TRUE,FALSE
458,221,TRUE,TRUE
459,430,TRUE,TRUE
460,102,FALSE,FALSE
461,1292,TRUE,FALSE
462,158,TRUE,FALSE
463,499,TRUE,FALSE
464,915,TRUE,FALSE
465,1093,TRUE,TRUE
466,16,TRUE,FALSE
467,1180,TRUE,FALSE
468,1418,TRUE,TRUE
469,1318,TRUE,TRUE
470,371,TRUE,FALSE
471,1442,TRUE,FALSE
472,413,TRUE,FALSE
473,649,TRUE,FALSE
474,308,TRUE,TRUE
475,880,TRUE,TRUE
476,183,TRUE,TRUE
477,313,TRUE,FALSE
478,1342,TRUE,FALSE
479,421,TRUE,FALSE
480,191,TRUE,TRUE
481,429,TRUE,TRUE
482,25,TRUE,FALSE
483,141,FALSE,FALSE
484,1055,TRUE,TRUE
485,1355,TRUE,FALSE
486,1026,TRUE,TRUE
487,923,TRUE,FALSE
488,434,TRUE,FALSE
489,211,TRUE,FALSE
490,1500,TRUE,FALSE
491,465,TRUE,FALSE
492,1421,TRUE,FALSE
493,148,TRUE,FALSE
494,846,TRUE,FALSE
495,6,TRUE,TRUE
496,7,TRUE,TRUE
497,8,TRUE,TRUE
498,12,TRUE,TRUE
499,24,TRUE,TRUE
500,150,TRUE,TRUE
501,151,TRUE,TRUE
502,153,TRUE,TRUE
503,155,TRUE,TRUE
504,157,TRUE,TRUE
505,159,TRUE,TRUE
506,171,TRUE,TRUE
507,174,TRUE,TRUE
508,182,TRUE,TRUE
509,189,TRUE,TRUE
510,192,TRUE,TRUE
511,196,TRUE,TRUE
512,198,TRUE,TRUE
513,205,TRUE,TRUE
514,206,TRUE,TRUE
515,213,TRUE,TRUE
516,215,TRUE,TRUE
517,218,TRUE,TRUE
518,220,TRUE,TRUE
519,233,TRUE,TRUE
520,239,TRUE,TRUE
521,240,TRUE,TRUE
522,257,TRUE,TRUE
523,259,TRUE,TRUE
524,260,TRUE,TRUE
525,266,TRUE,TRUE
526,268,TRUE,TRUE
527,269,TRUE,TRUE
528,271,TRUE,TRUE
529,277,TRUE,TRUE
530,311,TRUE,TRUE
531,314,TRUE,TRUE
532,331,TRUE,TRUE
533,334,TRUE,TRUE
534,343,TRUE,TRUE
535,348,TRUE,TRUE
536,354,TRUE,TRUE
537,356,TRUE,TRUE
538,358,TRUE,TRUE
539,362,TRUE,TRUE
540,366,TRUE,TRUE
541,368,TRUE,TRUE
542,372,TRUE,TRUE
543,374,TRUE,TRUE
544,386,TRUE,TRUE
545,392,TRUE,TRUE
546,397,TRUE,TRUE
547,414,TRUE,TRUE
548,419,TRUE,TRUE
549,438,TRUE,TRUE
550,444,TRUE,TRUE
551,454,TRUE,TRUE
552,459,TRUE,TRUE
553,460,TRUE,TRUE
554,466,TRUE,TRUE
555,510,TRUE,TRUE
556,518,TRUE,TRUE
557,539,TRUE,TRUE
558,558,TRUE,TRUE
559,577,TRUE,TRUE
560,588,TRUE,TRUE
561,617,TRUE,TRUE
562,628,TRUE,TRUE
563,636,TRUE,TRUE
564,658,TRUE,TRUE
565,696,TRUE,TRUE
566,731,TRUE,TRUE
567,752,TRUE,TRUE
568,778,TRUE,TRUE
569,796,TRUE,TRUE
570,815,TRUE,TRUE
571,820,TRUE,TRUE
572,848,TRUE,TRUE
573,904,TRUE,TRUE
574,913,TRUE,TRUE
575,925,TRUE,TRUE
576,939,TRUE,TRUE
577,940,TRUE,TRUE
578,962,TRUE,TRUE
579,988,TRUE,TRUE
580,996,TRUE,TRUE
581,999,TRUE,TRUE
582,1035,TRUE,TRUE
583,1092,TRUE,TRUE
584,1111,TRUE,TRUE
585,1139,TRUE,TRUE
586,1163,TRUE,TRUE
587,1165,TRUE,TRUE
588,1167,TRUE,TRUE
589,1186,TRUE,TRUE
590,1192,TRUE,TRUE
591,1204,TRUE,TRUE
592,1207,TRUE,TRUE
593,1208,TRUE,TRUE
594,1221,TRUE,TRUE
595,1232,TRUE,TRUE
596,1236,TRUE,TRUE
597,1237,TRUE,TRUE
598,1239,TRUE,TRUE
599,1240,TRUE,TRUE
600,1242,TRUE,TRUE
601,1243,TRUE,TRUE
602,1247,TRUE,TRUE
603,1257,TRUE,TRUE
604,1260,TRUE,TRUE
605,1269,TRUE,TRUE
606,1280,TRUE,TRUE
607,1295,TRUE,TRUE
608,1304,TRUE,TRUE
609,1306,TRUE,TRUE
610,1328,TRUE,TRUE
611,1331,TRUE,TRUE
612,1332,TRUE,TRUE
613,1334,TRUE,TRUE
614,1337,TRUE,TRUE
615,1341,TRUE,TRUE
616,1352,TRUE,TRUE
617,1359,TRUE,TRUE
618,1362,TRUE,TRUE
619,1367,TRUE,TRUE
620,1370,TRUE,TRUE
621,1373,TRUE,TRUE
622,1374,TRUE,TRUE
623,1375,TRUE,TRUE
624,1378,TRUE,TRUE
625,1391,TRUE,TRUE
626,1396,TRUE,TRUE
627,1397,TRUE,TRUE
628,1408,TRUE,TRUE
629,1429,TRUE,TRUE
630,1433,TRUE,TRUE
631,1434,TRUE,TRUE
632,1437,TRUE,TRUE
633,1441,TRUE,TRUE
634,1448,TRUE,TRUE
635,1450,TRUE,TRUE
636,1451,TRUE,TRUE
637,1458,TRUE,TRUE
638,1459,TRUE,TRUE
639,1465,TRUE,TRUE
640,1467,TRUE,TRUE
641,1485,TRUE,TRUE
642,1487,TRUE,TRUE
643,1491,TRUE,TRUE
644,1492,TRUE,TRUE
645,2,FALSE,FALSE
646,5,FALSE,FALSE
647,9,FALSE,FALSE
648,10,FALSE,FALSE
649,11,FALSE,FALSE
650,13,FALSE,FALSE
651,14,FALSE,FALSE
652,15,FALSE,FALSE
653,18,FALSE,FALSE
654,19,FALSE,FALSE
655,20,FALSE,FALSE
656,26,FALSE,FALSE
657,27,FALSE,FALSE
658,28,FALSE,FALSE
659,29,FALSE,FALSE
660,30,FALSE,FALSE
661,31,FALSE,FALSE
662,32,FALSE,FALSE
663,33,FALSE,FALSE
664,35,FALSE,FALSE
665,36,FALSE,FALSE
666,37,FALSE,FALSE
667,38,FALSE,FALSE
668,39,FALSE,FALSE
669,40,FALSE,FALSE
670,41,FALSE,FALSE
671,43,FALSE,FALSE
672,44,FALSE,FALSE
673,47,FALSE,FALSE
674,48,FALSE,FALSE
675,49,FALSE,FALSE
676,50,FALSE,FALSE
677,51,FALSE,FALSE
678,52,FALSE,FALSE
679,53,FALSE,FALSE
680,54,FALSE,FALSE
681,55,FALSE,FALSE
682,56,FALSE,FALSE
683,57,FALSE,FALSE
684,59,FALSE,FALSE
685,60,FALSE,FALSE
686,61,FALSE,FALSE
687,62,FALSE,FALSE
688,63,FALSE,FALSE
689,64,FALSE,FALSE
690,65,FALSE,FALSE
691,66,FALSE,FALSE
692,68,FALSE,FALSE
693,70,FALSE,FALSE
694,72,FALSE,FALSE
695,73,FALSE,FALSE
696,74,FALSE,FALSE
697,75,FALSE,FALSE
698,76,FALSE,FALSE
699,77,FALSE,FALSE
700,80,FALSE,FALSE
701,83,FALSE,FALSE
702,84,FALSE,FALSE
703,85,FALSE,FALSE
704,86,FALSE,FALSE
705,87,FALSE,FALSE
706,88,FALSE,FALSE
707,90,FALSE,FALSE
708,91,FALSE,FALSE
709,92,FALSE,FALSE
710,93,FALSE,FALSE
711,94,FALSE,FALSE
712,97,FALSE,FALSE
713,99,FALSE,FALSE
714,100,FALSE,FALSE
715,101,FALSE,FALSE
716,103,FALSE,FALSE
717,104,FALSE,FALSE
718,105,FALSE,FALSE
719,108,FALSE,FALSE
720,111,FALSE,FALSE
721,112,FALSE,FALSE
722,113,FALSE,FALSE
723,114,FALSE,FALSE
724,115,FALSE,FALSE
725,116,FALSE,FALSE
726,117,FALSE,FALSE
727,118,FALSE,FALSE
728,120,FALSE,FALSE
729,121,FALSE,FALSE
730,122,FALSE,FALSE
731,123,FALSE,FALSE
732,124,FALSE,FALSE
733,125,FALSE,FALSE
734,126,FALSE,FALSE
735,129,FALSE,FALSE
736,130,FALSE,FALSE
737,133,FALSE,FALSE
738,134,FALSE,FALSE
739,135,FALSE,FALSE
740,137,FALSE,FALSE
741,138,FALSE,FALSE
742,139,FALSE,FALSE
743,140,FALSE,FALSE
744,142,FALSE,FALSE
745,143,FALSE,FALSE
746,144,FALSE,FALSE
747,145,FALSE,FALSE
748,146,FALSE,FALSE
749,147,FALSE,FALSE
750,149,FALSE,FALSE
751,160,FALSE,FALSE
752,163,FALSE,FALSE
753,164,FALSE,FALSE
754,166,FALSE,FALSE
755,167,FALSE,FALSE
756,168,FALSE,FALSE
757,169,FALSE,FALSE
758,170,FALSE,FALSE
759,172,FALSE,FALSE
760,177,FALSE,FALSE
761,184,FALSE,FALSE
762,190,FALSE,FALSE
763,195,FALSE,FALSE
764,200,FALSE,FALSE
765,201,FALSE,FALSE
766,202,FALSE,FALSE
767,203,FALSE,FALSE
768,207,FALSE,FALSE
769,208,FALSE,FALSE
770,209,FALSE,FALSE
771,217,FALSE,FALSE
772,223,FALSE,FALSE
773,224,FALSE,FALSE
774,225,FALSE,FALSE
775,226,FALSE,FALSE
776,227,FALSE,FALSE
777,228,FALSE,FALSE
778,229,FALSE,FALSE
779,230,FALSE,FALSE
780,231,FALSE,FALSE
781,232,FALSE,FALSE
782,234,FALSE,FALSE
783,235,FALSE,FALSE
784,236,FALSE,FALSE
785,237,FALSE,FALSE
786,238,FALSE,FALSE
787,241,FALSE,FALSE
788,242,FALSE,FALSE
789,243,FALSE,FALSE
790,245,FALSE,FALSE
791,246,FALSE,FALSE
792,248,FALSE,FALSE
793,250,FALSE,FALSE
794,251,FALSE,FALSE
795,252,FALSE,FALSE
796,253,FALSE,FALSE
797,255,FALSE,FALSE
798,256,FALSE,FALSE
799,261,FALSE,FALSE
800,262,FALSE,FALSE
801,263,FALSE,FALSE
802,265,FALSE,FALSE
803,272,FALSE,FALSE
804,274,FALSE,FALSE
805,276,FALSE,FALSE
806,278,FALSE,FALSE
807,279,FALSE,FALSE
808,280,FALSE,FALSE
809,282,FALSE,FALSE
810,283,FALSE,FALSE
811,284,FALSE,FALSE
812,285,FALSE,FALSE
813,286,FALSE,FALSE
814,287,FALSE,FALSE
815,289,FALSE,FALSE
816,290,FALSE,FALSE
817,293,FALSE,FALSE
818,295,FALSE,FALSE
819,299,FALSE,FALSE
820,300,FALSE,FALSE
821,301,FALSE,FALSE
822,302,FALSE,FALSE
823,303,FALSE,FALSE
824,304,FALSE,FALSE
825,307,FALSE,FALSE
826,309,FALSE,FALSE
827,310,FALSE,FALSE
828,316,FALSE,FALSE
829,318,FALSE,FALSE
830,319,FALSE,FALSE
831,321,FALSE,FALSE
832,322,FALSE,FALSE
833,323,FALSE,FALSE
834,324,FALSE,FALSE
835,326,FALSE,FALSE
836,328,FALSE,FALSE
837,329,FALSE,FALSE
838,330,FALSE,FALSE
839,332,FALSE,FALSE
840,335,FALSE,FALSE
841,336,FALSE,FALSE
842,337,FALSE,FALSE
843,340,FALSE,FALSE
844,342,FALSE,FALSE
845,344,FALSE,FALSE
846,345,FALSE,FALSE
847,346,FALSE,FALSE
848,350,FALSE,FALSE
849,352,FALSE,FALSE
850,355,FALSE,FALSE
851,364,FALSE,FALSE
852,365,FALSE,FALSE
853,375,FALSE,FALSE
854,376,FALSE,FALSE
855,378,FALSE,FALSE
856,380,FALSE,FALSE
857,381,FALSE,FALSE
858,383,FALSE,FALSE
859,384,FALSE,FALSE
860,385,FALSE,FALSE
861,388,FALSE,FALSE
862,389,FALSE,FALSE
863,390,FALSE,FALSE
864,391,FALSE,FALSE
865,400,FALSE,FALSE
866,401,FALSE,FALSE
867,403,FALSE,FALSE
868,404,FALSE,FALSE
869,405,FALSE,FALSE
870,407,FALSE,FALSE
871,408,FALSE,FALSE
872,409,FALSE,FALSE
873,415,FALSE,FALSE
874,416,FALSE,FALSE
875,417,FALSE,FALSE
876,425,FALSE,FALSE
877,426,FALSE,FALSE
878,427,FALSE,FALSE
879,431,FALSE,FALSE
880,432,FALSE,FALSE
881,435,FALSE,FALSE
882,439,FALSE,FALSE
883,442,FALSE,FALSE
884,445,FALSE,FALSE
885,446,FALSE,FALSE
886,447,FALSE,FALSE
887,448,FALSE,FALSE
888,449,FALSE,FALSE
889,451,FALSE,FALSE
890,455,FALSE,FALSE
891,456,FALSE,FALSE
892,458,FALSE,FALSE
893,461,FALSE,FALSE
894,462,FALSE,FALSE
895,463,FALSE,FALSE
896,464,FALSE,FALSE
897,467,FALSE,FALSE
898,470,FALSE,FALSE
899,471,FALSE,FALSE
900,475,FALSE,FALSE
901,476,FALSE,FALSE
902,477,FALSE,FALSE
903,478,FALSE,FALSE
904,479,FALSE,FALSE
905,481,FALSE,FALSE
906,486,FALSE,FALSE
907,488,FALSE,FALSE
908,489,FALSE,FALSE
909,492,FALSE,FALSE
910,493,FALSE,FALSE
911,494,FALSE,FALSE
912,496,FALSE,FALSE
913,497,FALSE,FALSE
914,498,FALSE,FALSE
915,501,FALSE,FALSE
916,502,FALSE,FALSE
917,503,FALSE,FALSE
918,504,FALSE,FALSE
919,509,FALSE,FALSE
920,512,FALSE,FALSE
921,514,FALSE,FALSE
922,516,FALSE,FALSE
923,520,FALSE,FALSE
924,521,FALSE,FALSE
925,524,FALSE,FALSE
926,525,FALSE,FALSE
927,526,FALSE,FALSE
928,527,FALSE,FALSE
929,528,FALSE,FALSE
930,529,FALSE,FALSE
931,530,FALSE,FALSE
932,531,FALSE,FALSE
933,532,FALSE,FALSE
934,533,FALSE,FALSE
935,534,FALSE,FALSE
936,535,FALSE,FALSE
937,536,FALSE,FALSE
938,537,FALSE,FALSE
939,538,FALSE,FALSE
940,540,FALSE,FALSE
941,541,FALSE,FALSE
942,542,FALSE,FALSE
943,543,FALSE,FALSE
944,544,FALSE,FALSE
945,545,FALSE,FALSE
946,546,FALSE,FALSE
947,547,FALSE,FALSE
948,549,FALSE,FALSE
949,550,FALSE,FALSE
950,551,FALSE,FALSE
951,552,FALSE,FALSE
952,553,FALSE,FALSE
953,554,FALSE,FALSE
954,555,FALSE,FALSE
955,556,FALSE,FALSE
956,559,FALSE,FALSE
957,560,FALSE,FALSE
958,561,FALSE,FALSE
959,562,FALSE,FALSE
960,563,FALSE,FALSE
961,564,FALSE,FALSE
962,565,FALSE,FALSE
963,566,FALSE,FALSE
964,567,FALSE,FALSE
965,568,FALSE,FALSE
966,569,FALSE,FALSE
967,570,FALSE,FALSE
968,571,FALSE,FALSE
969,572,FALSE,FALSE
970,573,FALSE,FALSE
971,578,FALSE,FALSE
972,579,FALSE,FALSE
973,580,FALSE,FALSE
974,581,FALSE,FALSE
975,584,FALSE,FALSE
976,585,FALSE,FALSE
977,586,FALSE,FALSE
978,587,FALSE,FALSE
979,591,FALSE,FALSE
980,593,FALSE,FALSE
981,594,FALSE,FALSE
982,595,FALSE,FALSE
983,596,FALSE,FALSE
984,597,FALSE,FALSE
985,598,FALSE,FALSE
986,599,FALSE,FALSE
987,600,FALSE,FALSE
988,601,FALSE,FALSE
989,603,FALSE,FALSE
990,604,FALSE,FALSE
991,606,FALSE,FALSE
992,607,FALSE,FALSE
993,609,FALSE,FALSE
994,610,FALSE,FALSE
995,611,FALSE,FALSE
996,612,FALSE,FALSE
997,613,FALSE,FALSE
998,614,FALSE,FALSE
999,618,FALSE,FALSE
1000,619,FALSE,FALSE
1001,620,FALSE,FALSE
1002,621,FALSE,FALSE
1003,622,FALSE,FALSE
1004,624,FALSE,FALSE
1005,627,FALSE,FALSE
1006,629,FALSE,FALSE
1007,630,FALSE,FALSE
1008,633,FALSE,FALSE
1009,634,FALSE,FALSE
1010,635,FALSE,FALSE
1011,637,FALSE,FALSE
1012,638,FALSE,FALSE
1013,640,FALSE,FALSE
1014,641,FALSE,FALSE
1015,642,FALSE,FALSE
1016,644,FALSE,FALSE
1017,645,FALSE,FALSE
1018,646,FALSE,FALSE
1019,648,FALSE,FALSE
1020,652,FALSE,FALSE
1021,654,FALSE,FALSE
1022,655,FALSE,FALSE
1023,656,FALSE,FALSE
1024,657,FALSE,FALSE
1025,659,FALSE,FALSE
1026,661,FALSE,FALSE
1027,663,FALSE,FALSE
1028,664,FALSE,FALSE
1029,665,FALSE,FALSE
1030,667,FALSE,FALSE
1031,668,FALSE,FALSE
1032,669,FALSE,FALSE
1033,670,FALSE,FALSE
1034,671,FALSE,FALSE
1035,672,FALSE,FALSE
1036,673,FALSE,FALSE
1037,674,FALSE,FALSE
1038,677,FALSE,FALSE
1039,678,FALSE,FALSE
1040,681,FALSE,FALSE
1041,682,FALSE,FALSE
1042,683,FALSE,FALSE
1043,685,FALSE,FALSE
1044,687,FALSE,FALSE
1045,688,FALSE,FALSE
1046,689,FALSE,FALSE
1047,690,FALSE,FALSE
1048,691,FALSE,FALSE
1049,692,FALSE,FALSE
1050,693,FALSE,FALSE
1051,694,FALSE,FALSE
1052,695,FALSE,FALSE
1053,697,FALSE,FALSE
1054,698,FALSE,FALSE
1055,699,FALSE,FALSE
1056,700,FALSE,FALSE
1057,701,FALSE,FALSE
1058,702,FALSE,FALSE
1059,703,FALSE,FALSE
1060,704,FALSE,FALSE
1061,705,FALSE,FALSE
1062,706,FALSE,FALSE
1063,707,FALSE,FALSE
1064,708,FALSE,FALSE
1065,709,FALSE,FALSE
1066,710,FALSE,FALSE
1067,712,FALSE,FALSE
1068,713,FALSE,FALSE
1069,714,FALSE,FALSE
1070,715,FALSE,FALSE
1071,717,FALSE,FALSE
1072,718,FALSE,FALSE
1073,720,FALSE,FALSE
1074,721,FALSE,FALSE
1075,722,FALSE,FALSE
1076,724,FALSE,FALSE
1077,725,FALSE,FALSE
1078,726,FALSE,FALSE
1079,727,FALSE,FALSE
1080,728,FALSE,FALSE
1081,730,FALSE,FALSE
1082,732,FALSE,FALSE
1083,736,FALSE,FALSE
1084,738,FALSE,FALSE
1085,739,FALSE,FALSE
1086,740,FALSE,FALSE
1087,742,FALSE,FALSE
1088,743,FALSE,FALSE
1089,745,FALSE,FALSE
1090,746,FALSE,FALSE
1091,747,FALSE,FALSE
1092,748,FALSE,FALSE
1093,749,FALSE,FALSE
1094,750,FALSE,FALSE
1095,751,FALSE,FALSE
1096,753,FALSE,FALSE
1097,754,FALSE,FALSE
1098,755,FALSE,FALSE
1099,756,FALSE,FALSE
1100,759,FALSE,FALSE
1101,760,FALSE,FALSE
1102,761,FALSE,FALSE
1103,762,FALSE,FALSE
1104,764,FALSE,FALSE
1105,765,FALSE,FALSE
1106,766,FALSE,FALSE
1107,768,FALSE,FALSE
1108,769,FALSE,FALSE
1109,770,FALSE,FALSE
1110,771,FALSE,FALSE
1111,772,FALSE,FALSE
1112,773,FALSE,FALSE
1113,775,FALSE,FALSE
1114,776,FALSE,FALSE
1115,777,FALSE,FALSE
1116,781,FALSE,FALSE
1117,782,FALSE,FALSE
1118,783,FALSE,FALSE
1119,784,FALSE,FALSE
1120,785,FALSE,FALSE
1121,786,FALSE,FALSE
1122,787,FALSE,FALSE
1123,788,FALSE,FALSE
1124,789,FALSE,FALSE
1125,790,FALSE,FALSE
1126,791,FALSE,FALSE
1127,792,FALSE,FALSE
1128,793,FALSE,FALSE
1129,795,FALSE,FALSE
1130,797,FALSE,FALSE
1131,798,FALSE,FALSE
1132,799,FALSE,FALSE
1133,801,FALSE,FALSE
1134,802,FALSE,FALSE
1135,803,FALSE,FALSE
1136,804,FALSE,FALSE
1137,805,FALSE,FALSE
1138,806,FALSE,FALSE
1139,807,FALSE,FALSE
1140,808,FALSE,FALSE
1141,809,FALSE,FALSE
1142,810,FALSE,FALSE
1143,814,FALSE,FALSE
1144,818,FALSE,FALSE
1145,819,FALSE,FALSE
1146,821,FALSE,FALSE
1147,823,FALSE,FALSE
1148,824,FALSE,FALSE
1149,825,FALSE,FALSE
1150,826,FALSE,FALSE
1151,827,FALSE,FALSE
1152,828,FALSE,FALSE
1153,829,FALSE,FALSE
1154,831,FALSE,FALSE
1155,832,FALSE,FALSE
1156,833,FALSE,FALSE
1157,834,FALSE,FALSE
1158,835,FALSE,FALSE
1159,836,FALSE,FALSE
1160,838,FALSE,FALSE
1161,839,FALSE,FALSE
1162,840,FALSE,FALSE
1163,841,FALSE,FALSE
1164,842,FALSE,FALSE
1165,843,FALSE,FALSE
1166,844,FALSE,FALSE
1167,847,FALSE,FALSE
1168,851,FALSE,FALSE
1169,853,FALSE,FALSE
1170,854,FALSE,FALSE
1171,855,FALSE,FALSE
1172,856,FALSE,FALSE
1173,857,FALSE,FALSE
1174,858,FALSE,FALSE
1175,859,FALSE,FALSE
1176,861,FALSE,FALSE
1177,864,FALSE,FALSE
1178,866,FALSE,FALSE
1179,867,FALSE,FALSE
1180,869,FALSE,FALSE
1181,870,FALSE,FALSE
1182,871,FALSE,FALSE
1183,872,FALSE,FALSE
1184,873,FALSE,FALSE
1185,874,FALSE,FALSE
1186,876,FALSE,FALSE
1187,877,FALSE,FALSE
1188,878,FALSE,FALSE
1189,881,FALSE,FALSE
1190,882,FALSE,FALSE
1191,883,FALSE,FALSE
1192,885,FALSE,FALSE
1193,888,FALSE,FALSE
1194,890,FALSE,FALSE
1195,891,FALSE,FALSE
1196,892,FALSE,FALSE
1197,893,FALSE,FALSE
1198,894,FALSE,FALSE
1199,896,FALSE,FALSE
1200,897,FALSE,FALSE
1201,900,FALSE,FALSE
1202,901,FALSE,FALSE
1203,902,FALSE,FALSE
1204,903,FALSE,FALSE
1205,905,FALSE,FALSE
1206,906,FALSE,FALSE
1207,908,FALSE,FALSE
1208,909,FALSE,FALSE
1209,910,FALSE,FALSE
1210,912,FALSE,FALSE
1211,917,FALSE,FALSE
1212,918,FALSE,FALSE
1213,919,FALSE,FALSE
1214,926,FALSE,FALSE
1215,928,FALSE,FALSE
1216,929,FALSE,FALSE
1217,930,FALSE,FALSE
1218,931,FALSE,FALSE
1219,933,FALSE,FALSE
1220,934,FALSE,FALSE
1221,935,FALSE,FALSE
1222,936,FALSE,FALSE
1223,938,FALSE,FALSE
1224,941,FALSE,FALSE
1225,942,FALSE,FALSE
1226,943,FALSE,FALSE
1227,944,FALSE,FALSE
1228,945,FALSE,FALSE
1229,948,FALSE,FALSE
1230,951,FALSE,FALSE
1231,953,FALSE,FALSE
1232,955,FALSE,FALSE
1233,957,FALSE,FALSE
1234,959,FALSE,FALSE
1235,960,FALSE,FALSE
1236,961,FALSE,FALSE
1237,963,FALSE,FALSE
1238,964,FALSE,FALSE
1239,965,FALSE,FALSE
1240,966,FALSE,FALSE
1241,967,FALSE,FALSE
1242,968,FALSE,FALSE
1243,971,FALSE,FALSE
1244,972,FALSE,FALSE
1245,973,FALSE,FALSE
1246,975,FALSE,FALSE
1247,977,FALSE,FALSE
1248,979,FALSE,FALSE
1249,980,FALSE,FALSE
1250,982,FALSE,FALSE
1251,984,FALSE,FALSE
1252,985,FALSE,FALSE
1253,986,FALSE,FALSE
1254,987,FALSE,FALSE
1255,989,FALSE,FALSE
1256,990,FALSE,FALSE
1257,991,FALSE,FALSE
1258,992,FALSE,FALSE
1259,993,FALSE,FALSE
1260,995,FALSE,FALSE
1261,997,FALSE,FALSE
1262,1000,FALSE,FALSE
1263,1001,FALSE,FALSE
1264,1002,FALSE,FALSE
1265,1003,FALSE,FALSE
1266,1007,FALSE,FALSE
1267,1008,FALSE,FALSE
1268,1009,FALSE,FALSE
1269,1010,FALSE,FALSE
1270,1012,FALSE,FALSE
1271,1013,FALSE,FALSE
1272,1014,FALSE,FALSE
1273,1015,FALSE,FALSE
1274,1018,FALSE,FALSE
1275,1022,FALSE,FALSE
1276,1023,FALSE,FALSE
1277,1024,FALSE,FALSE
1278,1025,FALSE,FALSE
1279,1028,FALSE,FALSE
1280,1029,FALSE,FALSE
1281,1031,FALSE,FALSE
1282,1032,FALSE,FALSE
1283,1033,FALSE,FALSE
1284,1034,FALSE,FALSE
1285,1036,FALSE,FALSE
1286,1040,FALSE,FALSE
1287,1041,FALSE,FALSE
1288,1042,FALSE,FALSE
1289,1043,FALSE,FALSE
1290,1044,FALSE,FALSE
1291,1045,FALSE,FALSE
1292,1046,FALSE,FALSE
1293,1047,FALSE,FALSE
1294,1049,FALSE,FALSE
1295,1050,FALSE,FALSE
1296,1054,FALSE,FALSE
1297,1056,FALSE,FALSE
1298,1057,FALSE,FALSE
1299,1059,FALSE,FALSE
1300,1062,FALSE,FALSE
1301,1063,FALSE,FALSE
1302,1064,FALSE,FALSE
1303,1065,FALSE,FALSE
1304,1067,FALSE,FALSE
1305,1068,FALSE,FALSE
1306,1069,FALSE,FALSE
1307,1071,FALSE,FALSE
1308,1072,FALSE,FALSE
1309,1073,FALSE,FALSE
1310,1074,FALSE,FALSE
1311,1075,FALSE,FALSE
1312,1076,FALSE,FALSE
1313,1077,FALSE,FALSE
1314,1078,FALSE,FALSE
1315,1080,FALSE,FALSE
1316,1082,FALSE,FALSE
1317,1083,FALSE,FALSE
1318,1086,FALSE,FALSE
1319,1088,FALSE,FALSE
1320,1089,FALSE,FALSE
1321,1090,FALSE,FALSE
1322,1091,FALSE,FALSE
1323,1096,FALSE,FALSE
1324,1099,FALSE,FALSE
1325,1104,FALSE,FALSE
1326,1105,FALSE,FALSE
1327,1106,FALSE,FALSE
1328,1107,FALSE,FALSE
1329,1108,FALSE,FALSE
1330,1109,FALSE,FALSE
1331,1110,FALSE,FALSE
1332,1112,FALSE,FALSE
1333,1113,FALSE,FALSE
1334,1114,FALSE,FALSE
1335,1115,FALSE,FALSE
1336,1117,FALSE,FALSE
1337,1118,FALSE,FALSE
1338,1120,FALSE,FALSE
1339,1122,FALSE,FALSE
1340,1124,FALSE,FALSE
1341,1125,FALSE,FALSE
1342,1126,FALSE,FALSE
1343,1127,FALSE,FALSE
1344,1129,FALSE,FALSE
1345,1130,FALSE,FALSE
1346,1131,FALSE,FALSE
1347,1132,FALSE,FALSE
1348,1133,FALSE,FALSE
1349,1134,FALSE,FALSE
1350,1135,FALSE,FALSE
1351,1137,FALSE,FALSE
1352,1142,FALSE,FALSE
1353,1143,FALSE,FALSE
1354,1144,FALSE,FALSE
1355,1145,FALSE,FALSE
1356,1146,FALSE,FALSE
1357,1149,FALSE,FALSE
1358,1150,FALSE,FALSE
1359,1152,FALSE,FALSE
1360,1153,FALSE,FALSE
1361,1154,FALSE,FALSE
1362,1155,FALSE,FALSE
1363,1157,FALSE,FALSE
1364,1160,FALSE,FALSE
1365,1161,FALSE,FALSE
1366,1162,FALSE,FALSE
1367,1166,FALSE,FALSE
1368,1168,FALSE,FALSE
1369,1170,FALSE,FALSE
1370,1172,FALSE,FALSE
1371,1174,FALSE,FALSE
1372,1175,FALSE,FALSE
1373,1176,FALSE,FALSE
1374,1179,FALSE,FALSE
1375,1181,FALSE,FALSE
1376,1183,FALSE,FALSE
1377,1188,FALSE,FALSE
1378,1191,FALSE,FALSE
1379,1193,FALSE,FALSE
1380,1195,FALSE,FALSE
1381,1196,FALSE,FALSE
1382,1197,FALSE,FALSE
1383,1198,FALSE,FALSE
1384,1199,FALSE,FALSE
1385,1202,FALSE,FALSE
1386,1213,FALSE,FALSE
1387,1214,FALSE,FALSE
1388,1220,FALSE,FALSE
1389,1223,FALSE,FALSE
1390,1225,FALSE,FALSE
1391,1227,FALSE,FALSE
1392,1228,FALSE,FALSE
1393,1234,FALSE,FALSE
1394,1241,FALSE,FALSE
1395,1244,FALSE,FALSE
1396,1246,FALSE,FALSE
1397,1249,FALSE,FALSE
1398,1250,FALSE,FALSE
1399,1251,FALSE,FALSE
1400,1252,FALSE,FALSE
1401,1256,FALSE,FALSE
1402,1261,FALSE,FALSE
1403,1264,FALSE,FALSE
1404,1265,FALSE,FALSE
1405,1266,FALSE,FALSE
1406,1268,FALSE,FALSE
1407,1270,FALSE,FALSE
1408,1272,FALSE,FALSE
1409,1274,FALSE,FALSE
1410,1277,FALSE,FALSE
1411,1278,FALSE,FALSE
1412,1281,FALSE,FALSE
1413,1283,FALSE,FALSE
1414,1285,FALSE,FALSE
1415,1286,FALSE,FALSE
1416,1287,FALSE,FALSE
1417,1288,FALSE,FALSE
1418,1289,FALSE,FALSE
1419,1290,FALSE,FALSE
1420,1291,FALSE,FALSE
1421,1293,FALSE,FALSE
1422,1296,FALSE,FALSE
1423,1298,FALSE,FALSE
1424,1299,FALSE,FALSE
1425,1300,FALSE,FALSE
1426,1301,FALSE,FALSE
1427,1302,FALSE,FALSE
1428,1305,FALSE,FALSE
1429,1309,FALSE,FALSE
1430,1311,FALSE,FALSE
1431,1313,FALSE,FALSE
1432,1315,FALSE,FALSE
1433,1316,FALSE,FALSE
1434,1320,FALSE,FALSE
1435,1321,FALSE,FALSE
1436,1324,FALSE,FALSE
1437,1325,FALSE,FALSE
1438,1327,FALSE,FALSE
1439,1330,FALSE,FALSE
1440,1333,FALSE,FALSE
1441,1338,FALSE,FALSE
1442,1339,FALSE,FALSE
1443,1343,FALSE,FALSE
1444,1345,FALSE,FALSE
1445,1346,FALSE,FALSE
1446,1347,FALSE,FALSE
1447,1348,FALSE,FALSE
1448,1349,FALSE,FALSE
1449,1351,FALSE,FALSE
1450,1357,FALSE,FALSE
1451,1363,FALSE,FALSE
1452,1364,FALSE,FALSE
1453,1369,FALSE,FALSE
1454,1371,FALSE,FALSE
1455,1376,FALSE,FALSE
1456,1377,FALSE,FALSE
1457,1379,FALSE,FALSE
1458,1380,FALSE,FALSE
1459,1381,FALSE,FALSE
1460,1382,FALSE,FALSE
1461,1383,FALSE,FALSE
1462,1384,FALSE,FALSE
1463,1386,FALSE,FALSE
1464,1388,FALSE,FALSE
1465,1390,FALSE,FALSE
1466,1402,FALSE,FALSE
1467,1404,FALSE,FALSE
1468,1405,FALSE,FALSE
1469,1410,FALSE,FALSE
1470,1413,FALSE,FALSE
1471,1414,FALSE,FALSE
1472,1420,FALSE,FALSE
1473,1425,FALSE,FALSE
1474,1427,FALSE,FALSE
1475,1430,FALSE,FALSE
1476,1435,FALSE,FALSE
1477,1443,FALSE,FALSE
1478,1445,FALSE,FALSE
1479,1446,FALSE,FALSE
1480,1454,FALSE,FALSE
1481,1456,FALSE,FALSE
1482,1460,FALSE,FALSE
1483,1461,FALSE,FALSE
1484,1462,FALSE,FALSE
1485,1464,FALSE,FALSE
1486,1471,FALSE,FALSE
1487,1473,FALSE,FALSE
1488,1476,FALSE,FALSE
1489,1477,FALSE,FALSE
1490,1478,FALSE,FALSE
1491,1479,FALSE,FALSE
1492,1480,FALSE,FALSE
1493,1483,FALSE,FALSE
1494,1488,FALSE,FALSE
1495,1490,FALSE,FALSE
1496,1493,FALSE,FALSE
1497,1494,FALSE,FALSE
1498,1498,FALSE,FALSE
1499,1499,FALSE,FALSE
1500,1501,FALSE,FALSE
