id,category,link
2,COMMIT,https://github.com/ethauvin/mobibot/commit/c2e11743c68fb1a312af784c9145de950565db61
5,COMMIT,https://github.com/eunomia-bpf/bpf-developer-tutorial/commit/0fd76b02b8ad43512df32e0b568f3ccccc7fd758
9,COMMIT,https://github.com/darknightlab/wechat-bot/commit/48719d442d4215e4f1fea7d63828d153d2ad1571
10,COMMIT,https://github.com/otiai10/amesh-bot/commit/14d3671b97113daf2de39143fc68174891d39ece
11,COMMIT,https://github.com/kiranvshah/chatgpt-helper/commit/4557cb6a535a065d8f9192af324ce57cd8454249
13,COMMIT,https://github.com/kiranvshah/chatgpt-helper/commit/fa7ac08235f60a81f9472b536da1fa5f2e7ca804
14,COMMIT,https://github.com/aliuq/cf-proxy/commit/f9c7eca6ad3695437dd1d44619d531fd39a746cb
15,COMMIT,https://github.com/aliuq/cf-proxy/commit/c3ecb24aa1f458912a75cb0d635b202ebe9eaff8
18,COMMIT,https://github.com/hiifeng/v2ray/commit/e133d3e2110b93535a9d64a6be0b577f1d84349b
19,COMMIT,https://github.com/hiifeng/v2ray/commit/a5ea122e2bc9245deb28539c8dfa176ae3893f4d
20,COMMIT,https://github.com/dogukanakkaya/openai-helper-vscode-extension/commit/cc85f75fced96366d33c3c1a42f36cb41d4df853
25,COMMIT,https://github.com/ethauvin/mobibot/commit/db931f1f23a1dfd7c418b587aaf9b29c615383c7
26,COMMIT,https://github.com/shengxinjing/fe-advanced-interview/commit/a491aa748f8facd6758da758dc6e84efadaeba6b
27,COMMIT,https://github.com/shengxinjing/fe-advanced-interview/commit/8a067e59529b4104b7a892b163db39392d1469e9
28,COMMIT,https://github.com/shengxinjing/fe-advanced-interview/commit/fafee1cc828b5a3fe92bae76d90f43ad40b3a1b3
29,COMMIT,https://github.com/shengxinjing/fe-advanced-interview/commit/13dbd1f9c9919e5b2bc11ae873b6920808d81cf2
30,COMMIT,https://github.com/shengxinjing/fe-advanced-interview/commit/924b23ab6a2921dd01ab8e86f7013939cc42fc19
31,COMMIT,https://github.com/shengxinjing/fe-advanced-interview/commit/3b1b68ec979f832c75f575b147152d377ffe1c79
32,COMMIT,https://github.com/shengxinjing/fe-advanced-interview/commit/d4f6be6f9ef70ea3841cd3dcd86184f9bdcfe150
33,COMMIT,https://github.com/shengxinjing/fe-advanced-interview/commit/2ef38fb85324897d32d7439e9e97ac7ca58ab792
34,COMMIT,https://github.com/shengxinjing/fe-advanced-interview/commit/8fdc178eb67d42dbc6ecedaf2370fc6174335054
35,COMMIT,https://github.com/shengxinjing/fe-advanced-interview/commit/b2730fa435ba49bf51dcbb84c5edadb8250b1c98
36,COMMIT,https://github.com/shengxinjing/fe-advanced-interview/commit/0cf20e7decfcc5588cd7f132803987075da3042c
37,COMMIT,https://github.com/shengxinjing/fe-advanced-interview/commit/a38c0c50f519be805fd0d251c03038df1920de42
38,COMMIT,https://github.com/shengxinjing/fe-advanced-interview/commit/3cc82f89291173cb9bf4bec3d549c0fb20265ee9
39,COMMIT,https://github.com/shengxinjing/fe-advanced-interview/commit/dd467002f3694bab9da060502262cb8e5d4f7851
40,COMMIT,https://github.com/shengxinjing/fe-advanced-interview/commit/1332987a613b3f6a7e83d80da9204a9d75c1267a
41,COMMIT,https://github.com/shengxinjing/fe-advanced-interview/commit/e8e6df841024c02a128b406b573c24d407ead8d4
42,COMMIT,https://github.com/shengxinjing/fe-advanced-interview/commit/74627b654612b06b4cee8429b8a61e512331f93c
43,COMMIT,https://github.com/shengxinjing/fe-advanced-interview/commit/ac844461f17ebadcd81a5a27402290440bc614e2
44,COMMIT,https://github.com/shengxinjing/fe-advanced-interview/commit/561126cbb8c1fca0d89d759ac76a892c17eb7f91
45,COMMIT,https://github.com/shengxinjing/fe-advanced-interview/commit/d7323cd4e4886059f65b8cc18d93ec5f9baeac3b
46,COMMIT,https://github.com/shengxinjing/fe-advanced-interview/commit/8975b84b56e70c066cd93276155f5f8090a83ba8
47,COMMIT,https://github.com/shengxinjing/fe-advanced-interview/commit/06879ffed7c58a80fdcbc12d17d0b9f23e551cc1
48,COMMIT,https://github.com/shengxinjing/fe-advanced-interview/commit/a0613febe726f870d458cb6f0b739bad9bdf7195
49,COMMIT,https://github.com/shengxinjing/fe-advanced-interview/commit/a307c76f1955d3b4c4a312f066d6795700a332bc
50,COMMIT,https://github.com/shengxinjing/fe-advanced-interview/commit/4c248a06aeb2c6054c032829f12fc8fc4ca8bb08
51,COMMIT,https://github.com/shengxinjing/fe-advanced-interview/commit/8029d23bdc2ba5e6265ea95060ca2529eb6e1365
52,COMMIT,https://github.com/shengxinjing/fe-advanced-interview/commit/a5b3f8740b33bd5a4f164141add54263f0ecaad9
53,COMMIT,https://github.com/shengxinjing/fe-advanced-interview/commit/123e475f3d523ef672d30c5592b363aa884f08b3
54,COMMIT,https://github.com/shengxinjing/fe-advanced-interview/commit/7df992154be8d12493ad878911d8c4a2a5f7cd92
55,COMMIT,https://github.com/shengxinjing/fe-advanced-interview/commit/6599c07817a2ee322a2f1b765c3068e9d6dfa8e1
56,COMMIT,https://github.com/shengxinjing/fe-advanced-interview/commit/7b31958f350c93416271526974488b782885d514
57,COMMIT,https://github.com/shengxinjing/fe-advanced-interview/commit/a4d0e60586df616f7497c83d2b179b4729754f33
58,COMMIT,https://github.com/shengxinjing/fe-advanced-interview/commit/b477e7a92143c6723f741c92878b78b5f97afbba
59,COMMIT,https://github.com/shengxinjing/fe-advanced-interview/commit/e9e734fd669d9891d0f1e39eb83aeb350bae7fd4
60,COMMIT,https://github.com/shengxinjing/fe-advanced-interview/commit/e39455ee0c6c7c6fdf7be7fd2339296e87fd6efb
61,COMMIT,https://github.com/shengxinjing/fe-advanced-interview/commit/85138e7f5f9a43321fdff115a4340431080fa59e
62,COMMIT,https://github.com/shengxinjing/fe-advanced-interview/commit/37d740b43b4f11a5d182901609f0925b17ca9eb2
63,COMMIT,https://github.com/shengxinjing/fe-advanced-interview/commit/bde6a2541724412c8f841ea985a08857d372bb0a
64,COMMIT,https://github.com/shengxinjing/fe-advanced-interview/commit/a950ce34a244343cfaea4d5796632c1e57cbdf2d
65,COMMIT,https://github.com/shengxinjing/fe-advanced-interview/commit/a6cc72aa037846df31b33f2f7eb482bee0e9ae59
66,COMMIT,https://github.com/shengxinjing/fe-advanced-interview/commit/21ff61557ed7fa0ced2f6fdeba779a427669c8be
67,COMMIT,https://github.com/shengxinjing/fe-advanced-interview/commit/f94be57aae8ff5d7c947d7dc409f31248786390e
68,COMMIT,https://github.com/shengxinjing/fe-advanced-interview/commit/2ba99477865bd244a2a7871c6508a185538a14df
69,COMMIT,https://github.com/shengxinjing/fe-advanced-interview/commit/25c26143ea1bf3d6f06960ba4f03580ec65ca295
70,COMMIT,https://github.com/shengxinjing/fe-advanced-interview/commit/1272d4a3b9246b8405a91c2f397dfdacaf4e3000
71,COMMIT,https://github.com/shengxinjing/fe-advanced-interview/commit/29139c1031cdc6fd765c424aedbcdcc450f32c44
72,COMMIT,https://github.com/shengxinjing/fe-advanced-interview/commit/a32377997f8e2fe63130c7b7d403a8a9ed0f0133
73,COMMIT,https://github.com/shengxinjing/fe-advanced-interview/commit/d5614e54c005d6ca5acc8f748383007a6e773892
74,COMMIT,https://github.com/shengxinjing/fe-advanced-interview/commit/0cb0ccf1e8ed3b6741d09d4e968aa1627d737717
75,COMMIT,https://github.com/shengxinjing/fe-advanced-interview/commit/00a8ff66729e93490221b5506574dc64f1db6502
76,COMMIT,https://github.com/shengxinjing/fe-advanced-interview/commit/2b96af1d3bb5fec985a8f358826fd7c3a8ba7251
77,COMMIT,https://github.com/shengxinjing/fe-advanced-interview/commit/438f749deafda43c853fb6a0ce3765247bd0a55f
78,COMMIT,https://github.com/shengxinjing/fe-advanced-interview/commit/36de3a2d62331698ab8f257d8f500966045c5573
79,COMMIT,https://github.com/shengxinjing/fe-advanced-interview/commit/90a0aa88e2f5e33ba984932874272f8b21bafb00
80,COMMIT,https://github.com/shengxinjing/fe-advanced-interview/commit/b608d885dc58c74b7085dfb894a9db2a4598b8ea
81,COMMIT,https://github.com/shengxinjing/fe-advanced-interview/commit/620f5dea67367234c3db7d50b3641738689920a1
82,COMMIT,https://github.com/shengxinjing/fe-advanced-interview/commit/153702779743e8d1abcd9d99a9aca2b810d0ab3f
83,COMMIT,https://github.com/shengxinjing/fe-advanced-interview/commit/89faa7f908a2338ce9606996219dc3fb676cf787
84,COMMIT,https://github.com/shengxinjing/fe-advanced-interview/commit/41ca5ec75a4425f27a69b8f9ab2c164fb91f00ee
85,COMMIT,https://github.com/shengxinjing/fe-advanced-interview/commit/b57b004c11caf41b69731d5320e1cd3acb712a02
86,COMMIT,https://github.com/shengxinjing/fe-advanced-interview/commit/4d9b99b93233a1d575249908efb3adc49fbc4162
87,COMMIT,https://github.com/shengxinjing/fe-advanced-interview/commit/2b512c2766696a363957a8abe848e84bdc1dab44
88,COMMIT,https://github.com/shengxinjing/fe-advanced-interview/commit/ccde816f1ace819c773e2dfe24ed64814ddc7d8f
89,COMMIT,https://github.com/shengxinjing/fe-advanced-interview/commit/e94eb468dc1013da5551dec26a43d9be0cca1fe3
90,COMMIT,https://github.com/shengxinjing/fe-advanced-interview/commit/8b37db46b18727292be7be2b1c6a30cb4ef62550
91,COMMIT,https://github.com/shengxinjing/fe-advanced-interview/commit/e415594acd81deef12a77e8ae9b8789c228ab6ad
92,COMMIT,https://github.com/shengxinjing/fe-advanced-interview/commit/08264222fe6c33e34d2d375b25aacad170cc77b3
93,COMMIT,https://github.com/shengxinjing/fe-advanced-interview/commit/d3b1b53b665fa386045ef2413d86da0d6f116930
94,COMMIT,https://github.com/shengxinjing/fe-advanced-interview/commit/ddaa3a250dd747f9a5a672b92e5336f982b5d2b5
95,COMMIT,https://github.com/shengxinjing/fe-advanced-interview/commit/155d0df6eb2987135e89311ce96dafd75a1b16bb
96,COMMIT,https://github.com/shengxinjing/fe-advanced-interview/commit/95306ca181c15e8f541f1424e5b38c96221ef1db
97,COMMIT,https://github.com/shengxinjing/fe-advanced-interview/commit/4d87a3c7ab2d7f8ec317bd2a7ab1a1f0caae7eff
99,COMMIT,https://github.com/shengxinjing/fe-advanced-interview/commit/2bf3b1883cae10c33624447787e94817779e31cc
100,COMMIT,https://github.com/shengxinjing/fe-advanced-interview/commit/c5b807af7fb4d27a2a868882f7259682de453cab
101,COMMIT,https://github.com/shengxinjing/fe-advanced-interview/commit/05ef6c4450fe5eb90c6b53504bd3143310b58fb0
102,COMMIT,https://github.com/shengxinjing/fe-advanced-interview/commit/1ba6ed3269db97fa177d7de626b3459bd9a334a4
103,COMMIT,https://github.com/shengxinjing/fe-advanced-interview/commit/b2bf05012edd87ebc31dcab261bcdef7c69d58f8
104,COMMIT,https://github.com/shengxinjing/fe-advanced-interview/commit/509c63a04b84115f7adbd98c606643103f5e595f
105,COMMIT,https://github.com/shengxinjing/fe-advanced-interview/commit/49bb058057e28d3ae456328f43e150d29c3da3a4
106,COMMIT,https://github.com/shengxinjing/fe-advanced-interview/commit/615edbaa5234c2164534ab2aa04b254f9297a397
107,COMMIT,https://github.com/shengxinjing/fe-advanced-interview/commit/846012cd0c5e1e03ed9f6c6ba13a4c33ff19ef8f
108,COMMIT,https://github.com/shengxinjing/fe-advanced-interview/commit/fe66262fbc4539f02ccaa5341cc5e8a55e5d6ca7
109,COMMIT,https://github.com/shengxinjing/fe-advanced-interview/commit/7d91859e9c0d2efda795c7d6ef9a01538258eb8f
110,COMMIT,https://github.com/shengxinjing/fe-advanced-interview/commit/b5a09ecaade37beac3d5e9c2a6174fa75dd62c26
111,COMMIT,https://github.com/shengxinjing/fe-advanced-interview/commit/1ba20ab6a34f887cbd6d0895d1e906bfcc1973e8
112,COMMIT,https://github.com/shengxinjing/fe-advanced-interview/commit/be40db139e33904c6666417b4bf136229c78e119
113,COMMIT,https://github.com/shengxinjing/fe-advanced-interview/commit/38e23f71bb0182f442acfba2720502a653c8f568
114,COMMIT,https://github.com/shengxinjing/fe-advanced-interview/commit/b6cfa79878a6847171006694567797b8fce6af11
115,COMMIT,https://github.com/shengxinjing/fe-advanced-interview/commit/412a4a7c35b8c62c71cbdc46d4d127352edf704f
116,COMMIT,https://github.com/shengxinjing/fe-advanced-interview/commit/628bd76f02a15fc66514b5ba835692a9572fdb7a
117,COMMIT,https://github.com/shengxinjing/fe-advanced-interview/commit/b66ab6f7fbd6de3372eef384da58ee33a4c7ea1c
118,COMMIT,https://github.com/shengxinjing/fe-advanced-interview/commit/ca7678da4cfa1c713933020c54ca64be2acf2a67
119,COMMIT,https://github.com/shengxinjing/fe-advanced-interview/commit/e9d840f8dff33912dab38ebbd506746b0efb761d
120,COMMIT,https://github.com/shengxinjing/fe-advanced-interview/commit/72a4c4da5735194aba8017f0a5f6933392ea4f66
121,COMMIT,https://github.com/shengxinjing/fe-advanced-interview/commit/16e5f5f5ff134b93a8728572103b20881d38c1b3
122,COMMIT,https://github.com/shengxinjing/fe-advanced-interview/commit/d7a2b9e0d3224b1568cfe6bd64f09337144bf126
123,COMMIT,https://github.com/shengxinjing/fe-advanced-interview/commit/fb12d0d277d1b32cdbfef8af84f9c43aaa647d6c
124,COMMIT,https://github.com/shengxinjing/fe-advanced-interview/commit/d5d1d74ec24bdf8cb33926bb362a66bd6b2a56c0
125,COMMIT,https://github.com/shengxinjing/fe-advanced-interview/commit/45266bbe56e3005b277a3d881075160d7e950dfc
126,COMMIT,https://github.com/shengxinjing/fe-advanced-interview/commit/cacbc373cd0fece69b4433bfccb3857fbd13484f
127,COMMIT,https://github.com/shengxinjing/fe-advanced-interview/commit/717d111d35aa4bdf29c4abc515a44de090f04b4f
128,COMMIT,https://github.com/shengxinjing/fe-advanced-interview/commit/7ca21883982bd09b59822228b6db64c0bcdf7748
129,COMMIT,https://github.com/shengxinjing/fe-advanced-interview/commit/1194b65cd675fb0e22215c2573b735ade82a3a99
130,COMMIT,https://github.com/shengxinjing/fe-advanced-interview/commit/59b003061a00d53c35f3bb889a30852fbc401dd6
131,COMMIT,https://github.com/shengxinjing/fe-advanced-interview/commit/7964237b894054e9fe1c51892c1dc3133f777890
132,COMMIT,https://github.com/shengxinjing/fe-advanced-interview/commit/8ea7319b5450b14121c1869e012e9692b09e3f7f
133,COMMIT,https://github.com/shengxinjing/fe-advanced-interview/commit/db1ca79a3bd4ba21e1b518f64826bfcddcee13a4
134,COMMIT,https://github.com/shengxinjing/fe-advanced-interview/commit/006fdae3dcb18b2f5d211aa815d142273915b1e1
135,COMMIT,https://github.com/shengxinjing/fe-advanced-interview/commit/cd8396d38cd838261540c65b7c55a9a7c2ab8f5c
136,COMMIT,https://github.com/shengxinjing/fe-advanced-interview/commit/42d5736019d074e86f5d5c1e093c631d76559f9a
137,COMMIT,https://github.com/shengxinjing/fe-advanced-interview/commit/b436a3a136b6da705e46e0976553973e48abd6b6
138,COMMIT,https://github.com/shengxinjing/fe-advanced-interview/commit/e0ce8d4b680f75127734fea7673621db921a3a7d
139,COMMIT,https://github.com/shengxinjing/fe-advanced-interview/commit/e65ee1b6beb8d671c37a28ad12005dc3b919b014
140,COMMIT,https://github.com/shengxinjing/fe-advanced-interview/commit/bcf4af7e5f2ff0c1d080e057bd8486afc479997f
141,COMMIT,https://github.com/shengxinjing/fe-advanced-interview/commit/701af23fd1347f2e8371060c0f2c38d98fb0fc83
142,COMMIT,https://github.com/shengxinjing/fe-advanced-interview/commit/0d3d985fdb744d9f24768a794fb3d5b8624faac2
143,COMMIT,https://github.com/shengxinjing/fe-advanced-interview/commit/a46ba1d2ff87a50db19d638d413bcead08761013
144,COMMIT,https://github.com/shengxinjing/fe-advanced-interview/commit/399672dbdd233cd1fc4f1980d3217f6ccec6ab47
145,COMMIT,https://github.com/shengxinjing/fe-advanced-interview/commit/78e2937de954a55b762e88d4d416840461851eb1
146,COMMIT,https://github.com/shengxinjing/fe-advanced-interview/commit/e022877cb619f544a64567c0d8fd53a6d17063bd
147,COMMIT,https://github.com/shengxinjing/fe-advanced-interview/commit/1db3623643a44f5f293c8b11cbbac516852b1c5e
148,COMMIT,https://github.com/mariocandela/beelzebub/commit/d062435818af94a143f679142e3c6a129e3f0d00
149,COMMIT,https://github.com/shengxinjing/fe-advanced-interview/commit/673767140c1d5d8e1e1ecb15a325b6f4ccca38aa
152,COMMIT,https://github.com/xiyuzhai-husky-lang/husky/commit/1598aaaf9c6a04bdec788c8aebd0741633f5a876
156,COMMIT,https://github.com/rootiest/zippy-klipper_config/commit/bdf3b3ce80586e09f123f69fda66fcb091c49152
160,COMMIT,https://github.com/shengxinjing/fe-advanced-interview/commit/5e83dc021346447fbbe66af3d06bdf9641768a3d
162,COMMIT,https://github.com/abdul97233/fb-chat-bot/commit/34ac26d2e4d12bf8863995c703fdaedcd066ef43
163,COMMIT,https://github.com/abdul97233/fb-chat-bot/commit/eae16a7293dfe6f7ac60a476ab47a575ef84174e
164,COMMIT,https://github.com/abdul97233/fb-chat-bot/commit/4c4d2f92767c3584f254d91314774e1481b0a47e
165,COMMIT,https://github.com/abdul97233/fb-chat-bot/commit/e820a6586ce3b9c9ba9ba9417da537cc2be23e3c
166,COMMIT,https://github.com/ethauvin/mobibot/commit/8c1327655661967752286238eb1389c367b8c3c0
167,COMMIT,https://github.com/bnjbvr/trinity/commit/272930d9af1ba7c34d2ece4756b5d287a60dfda4
168,COMMIT,https://github.com/hyunjun/bookmarks/commit/af683ce5139285258d7e0b7e6274b695961a7c2f
169,COMMIT,https://github.com/abdul97233/fb-chat-bot/commit/48f82442016e7f83b9e7ebbaa31864fedcf708b0
170,COMMIT,https://github.com/vcon-dev/vcon/commit/3a19b28452e683e860e8a4025d6bae12a19e2522
172,COMMIT,https://github.com/1cloudy/chatgpt-wechat-landing-page/commit/69f3f4aeb387a826990eff9409c141c1558a5a18
177,COMMIT,https://github.com/davidpinhas/freedom55/commit/5c1200d24b2f36251aa6ae3708adee6c4a7ea787
181,COMMIT,https://github.com/aimeos/ai-admin-jqadm/commit/9834119f659d2cf1c869b0859d2cbbc5a906f540
183,COMMIT,https://github.com/plops/cl-cpp-generator2/commit/932f2de9e91cae3f88daf32475d48bf070cc9e6e
184,COMMIT,https://github.com/ant-design/ant-design/commit/a624648ecdc37f5b22ef136caa48407e8b23b64f
188,COMMIT,https://github.com/timkmecl/codegpt/commit/d095203cfbcbd04b2c5c2e55e673875d2ad59f4f
190,COMMIT,https://github.com/explosion/prodigy-openai-recipes/commit/e4f31f65138547aae3b58df143ed587787bc41c5
194,COMMIT,https://github.com/c-3lab/dim/commit/b111fb979c66c9b1f871b80ce582107160dfe489
195,COMMIT,https://github.com/ngoquyen45/android-chatgpt/commit/340011292bcd2471b7eedb379896cc2c3bc2236e
200,COMMIT,https://github.com/fabioo29/chatgpt-voice-assistant/commit/ca7dfb25b27e69a5c017a67c18ac4ead2a02f500
201,COMMIT,https://github.com/fabioo29/chatgpt-voice-assistant/commit/059f17ee4ccee2826e53b151d897974107f799ac
202,COMMIT,https://github.com/sealdice/javascript/commit/cffe71ece677b78e99e4efefa683a1f1792bacb4
203,COMMIT,https://github.com/xyproto/orbiton/commit/8291a76352e47cd0be035ab8e230423b84ef2402
207,COMMIT,https://github.com/hyunjun/bookmarks/commit/7978e64872e5c470a2dc80479102432829fd3e65
208,COMMIT,https://github.com/mzbac/chatgpt-plus-api-client/commit/fcd2cbb0641c9765db090e39c21084821ea86442
209,COMMIT,https://github.com/gofireflyio/aiac/commit/acbe643ce2c92f998ce4dd1e09a4ccf44d1e7286
210,COMMIT,https://github.com/swirlai/swirl-search/commit/661e3a621ab07734c5b8bb54ebb112d559930832
212,COMMIT,https://github.com/shengxinjing/fe-advanced-interview/commit/8a2bff0f79745c88dbbda5a5097a551a1cce2a21
216,COMMIT,https://github.com/bhowiebkr/laser-level-webcam/commit/e92b27f74542963f2c135132c099da07f23b7ecb
217,COMMIT,https://github.com/hyunjun/bookmarks/commit/a2f13a06d07260a2b277076208043885d0f1f560
223,COMMIT,https://github.com/jxnl/video-summary-streamer/commit/e46dffd3c0e4966bd5f54540b8fd2d1e84fe5ecb
224,COMMIT,https://github.com/sourceability/openai-client/commit/0d0cefb7fe9136d9a77bc85604f175e11187bd41
225,COMMIT,https://github.com/dust-tt/dust/commit/4d58b845926c66b188ecc249a8c324f44a510967
226,COMMIT,https://github.com/markuswt/gpt-commit/commit/26eb6ca1ee2c0510ef37e8b926c946c7243ed36e
227,COMMIT,https://github.com/felixbade/assistant/commit/0969aa473842f9fb95a5701c2dcb181d0093b836
228,COMMIT,https://github.com/seandearnaley/reddit-gpt-summarizer/commit/8021e75cb3a23e91a44c42ce9722a45141001593
229,COMMIT,https://github.com/uezo/gpt3-contextual/commit/39f1e30c02f063a0f8a3b2c456aa2ce086cd21cf
230,COMMIT,https://github.com/fzdwx/popup-translation/commit/c21afbb49434a747bd4fb4e41930521d2533d44c
231,COMMIT,https://github.com/yuki-yano/ai-review.nvim/commit/50d8d505d0eb542a51804b5d757fdf6bebc6806a
232,COMMIT,https://github.com/yihong0618/xiaogpt/commit/3477046cc0a050ddb8140e1cbb8b08bbbeb8d51a
234,COMMIT,https://github.com/dust-tt/dust/commit/90a25cbfce0a60d2d8b2afb340f80fa458f97d88
235,COMMIT,https://github.com/santiment/sanbase2/commit/cd6f4709f51a6f7b4cc51a238ffa21fedc981359
236,COMMIT,https://github.com/santiment/sanbase2/commit/a221d717f0e23866084299841c1799a27b7e5ab9
237,COMMIT,https://github.com/uezo/gpt3-contextual/commit/75c34cb8603cdd0bd8c65ac5fba2a5fda554e719
238,COMMIT,https://github.com/merefield/discourse-chatbot/commit/b503311f6d109f3a828311f60fcfe00b79f47810
241,COMMIT,https://github.com/jxnl/magic-text/commit/3f910114e082853c912f4e51a0079baf01802ec0
242,COMMIT,https://github.com/jetkai/openai-for-java/commit/5beabeb3f16eb9b01e2230afc79ff5cab644b27f
243,COMMIT,https://github.com/asleepyfish/chatgpt/commit/1612fb261e3c06ea5e87c98bd05e44ebd58f14e8
245,COMMIT,https://github.com/amosjyng/zamm/commit/ba6041069c84f64273b805e48421f31091d4d462
246,COMMIT,https://github.com/mgilangjanuar/gptcommit/commit/03df06bc905ac9ba50f70a3c31e5bbfcb4c630b9
247,COMMIT,https://github.com/hallatore/stable-diffusion-webui-chatgpt-utilities/commit/aafe26b324d73ae38caf5f3cab81462af887fbd0
248,COMMIT,https://github.com/hallatore/stable-diffusion-webui-chatgpt-utilities/commit/511eb4e2f582dcd021ce4bdb1a582a1ef3204aff
250,COMMIT,https://github.com/amosjyng/zamm/commit/6a90de7f0abfd9838bb24f429768278859ee5718
251,COMMIT,https://github.com/amosjyng/zamm/commit/86a0be65617f40e9404f1113111322fa4d9a361d
252,COMMIT,https://github.com/amosjyng/zamm/commit/14576d655ab66c92e1a422441ef6f51a7dc29fae
253,COMMIT,https://github.com/whiteeat/ai-vtuber-alpha/commit/d8fdad146e6c248959f219096e3f1aedebe70f92
255,COMMIT,https://github.com/hallatore/stable-diffusion-webui-chatgpt-utilities/commit/2c1304fd12cae9783c2f42a220f11a5032c1ef0c
256,COMMIT,https://github.com/debanjum/khoj/commit/ad1f1cf6201ea7279be892535572c23e4ea81aa4
261,COMMIT,https://github.com/chathub-dev/chathub/commit/d7a080ecd8bb47406594c2781baeda9357d37e2d
262,COMMIT,https://github.com/kiranvshah/chatgpt-helper/commit/3cd5b0b0715237b6fdb5b7034eeed333c0c1564c
263,COMMIT,https://github.com/hyunjun/bookmarks/commit/12541e8fd01633e3d0e7b622aaa5b0595e89a7e1
264,COMMIT,https://github.com/hallatore/stable-diffusion-webui-chatgpt-utilities/commit/c79f463f9d0d7b84d4879e02f2faa17aa6946f49
265,COMMIT,https://github.com/hallatore/stable-diffusion-webui-chatgpt-utilities/commit/31563d3172be1ae2c0b0ae045e0ce1688648db74
270,COMMIT,https://github.com/reorx/awesome-chatgpt-api/commit/2e9caa7b6b4fc909fba955a446944acdd2d02331
272,COMMIT,https://github.com/reorx/awesome-chatgpt-api/commit/86c29156774a8632a96353bea5c34f409c42b526
273,COMMIT,https://github.com/reorx/awesome-chatgpt-api/commit/899d0603d7dba270a65986655447ce97ec7bcf2f
274,COMMIT,https://github.com/prompt-engineering/click-prompt/commit/597b6554650ca193bd4ae8c0a7eb4f7befa17847
276,COMMIT,https://github.com/kezhenxu94/chatgpt-java/commit/79b89ab80d0668d3173a2eeb491d8cd7e71c348c
278,COMMIT,https://github.com/textgain/grasp/commit/2b51ff4787c665d5cc29e0294fee7094f687e26c
279,COMMIT,https://github.com/reorx/awesome-chatgpt-api/commit/9227e222237f082b3d62b3bc732d684ebdb2542d
280,COMMIT,https://github.com/reorx/awesome-chatgpt-api/commit/6e81ec848c53c9412f4d9cec1628f8b5f32feba8
282,COMMIT,https://github.com/ianb/llm-garden/commit/dcf8d49bc7e6f8c4b0c238af827d7672d6dee4ab
283,COMMIT,https://github.com/hyunjun/bookmarks/commit/88556ad59aaf652494ddf94adc4b050c90d397f2
284,COMMIT,https://github.com/hotbear1110/botbear/commit/f0f2dc8ac681cf62caf775d9552996b9073f00d9
285,COMMIT,https://github.com/skyportal/skyportal/commit/d71e33ad61a8a4437350124fb1990b5b110c3482
286,COMMIT,https://github.com/youngle316/chatgpt-nextjs/commit/0209fce81cc5fc8a9e0b8d4dde23fae0d525b654
287,COMMIT,https://github.com/youngle316/chatgpt-nextjs/commit/e8a34aed69be7d21d5cdb1c0bb0e1211b1fef277
289,COMMIT,https://github.com/noteable-io/genai/commit/1f837313ed80466e4234262400e3e4ef0969bdcd
290,COMMIT,https://github.com/samelhousseini/km-openai/commit/1cc59621aa07e120a622735f77cd94066f89e08f
293,COMMIT,https://github.com/debanjum/khoj/commit/6c0e82b2d6b04f7d0944f122dc26d04063e3674e
294,COMMIT,https://github.com/kholmogorov27/chevron/commit/cd0ce2746b7d8132ff8a1d27631203e184163906
295,COMMIT,https://github.com/whatwewant/chatgpt-for-chatbot-feishu/commit/b4a6f67b6b61b90f1ad81cd0872f0be2a76fba85
296,COMMIT,https://github.com/dense-analysis/neural/commit/dea5e26b848cde0d301825b9ad07f4daff408bea
297,COMMIT,https://github.com/handrew/browserpilot/commit/c88a4c52a9820160cdc9283efae8c2258de0c3f2
299,COMMIT,https://github.com/ykdojo/sensei/commit/dbaca615ef05ab8d26ac8410b2d2aefdb140de26
300,COMMIT,https://github.com/exoascension/vault-chat/commit/1d42ed1ae604bef497335553db0f37a66e203a90
301,COMMIT,https://github.com/ianb/llm-garden/commit/290ccf6753ce79fb5f6a7b742d44714b4f062661
302,COMMIT,https://github.com/geeks-of-data/knowledge-gpt/commit/657e4350ac4443562007537ae901347da3e8ace8
303,COMMIT,https://github.com/geeks-of-data/knowledge-gpt/commit/94ec252f68660aa1760c8d6be2d830fc21b90b59
304,COMMIT,https://github.com/linyinfeng/dotfiles/commit/365b232bea9df2084bc65f494a86c7f73a7e8da3
306,COMMIT,https://github.com/stevecondylios/gpt-generated-commit-messages/commit/e69ce4a9c1ca59709826a5a3f09df54125e8e13c
307,COMMIT,https://github.com/stevecondylios/gpt-generated-commit-messages/commit/0492245a34e73dd52290cde7451115f059aa5a4c
309,COMMIT,https://github.com/sagemathinc/cocalc/commit/35d00ac0bf0459eb73ba7cc3d6388a6bb15f054d
310,COMMIT,https://github.com/sagemathinc/cocalc/commit/f6a9744a919fab513b1add7a345c7ec8ab1928a2
316,COMMIT,https://github.com/pythops/amagpt3/commit/50111c118cad8a74f6e7d684cbc12ea3e673d91f
317,COMMIT,https://github.com/deeppavlov/dream/commit/8c7d82ec4dbf008758ae83a98a920b373a76677c
318,COMMIT,https://github.com/pionxzh/chatgpt-exporter/commit/0a78d2e17ae96a9182e289cbb7b9ade465f740b9
319,COMMIT,https://github.com/debanjum/khoj/commit/e28526bbc945823f1f8a5db6eda71cfc4ede649b
320,COMMIT,https://github.com/gregives/recommend.domains/commit/bd801b6aa8b6b652486ce50288b5df2beda6f76b
321,COMMIT,https://github.com/zhayujie/bot-on-anything/commit/085b3b96ad352b517da1944cdf711d8c6eea6513
322,COMMIT,https://github.com/continuum-llms/chatgpt-memory/commit/ab03c9e3ed57935b1e94a69e9101102543b2e3ab
323,COMMIT,https://github.com/zyddnys/manga-image-translator/commit/4203ffe4e36f5b4f7703b75eb7b18c39a543751e
324,COMMIT,https://github.com/exoascension/vault-chat/commit/87f079a7013009dbdfa7f0b44425f99cc88fece6
325,COMMIT,https://github.com/fjdu/obsidian-feed/commit/d8cf730fa145a18e50a709e125c3c67448e1dba2
326,COMMIT,https://github.com/clmnin/summarize.site/commit/78c555c07c34b2041f277d7ab04e2ccf8c24738e
328,COMMIT,https://github.com/ant-design/ant-design/commit/f7fd474cf8792ea01d03461d407c0edc11828a1c
329,COMMIT,https://github.com/python-discord/site/commit/147f21e962e27897517700c5b706a8cbb80f7a18
330,COMMIT,https://github.com/seratch/chatgpt-on-deno/commit/640562a519238cd836e97305ce4604c62a2d24b5
332,COMMIT,https://github.com/andreygetmanov/science_art_at_least_once_a_week/commit/32fa097fb122d73b2869ed2c561dbc3d52570c40
333,COMMIT,https://github.com/knight42/kopilot/commit/75a978fb40b1c27caacd41a26934cfb8d8e66929
335,COMMIT,https://github.com/cthulahoops/chatcli/commit/28506611d9b4763912e5a7d1842df09b1139d10b
336,COMMIT,https://github.com/machinewrapped/gpt-subtrans/commit/e431eb54a44d8da0fe889124cbcc111f487bc77e
337,COMMIT,https://github.com/machinewrapped/gpt-subtrans/commit/1dc5501c916a8c5f6e68fb5cc8164aa589862f21
340,COMMIT,https://github.com/machinewrapped/gpt-subtrans/commit/6c5d18b722655ef4cc740abb4448c2921f4144f3
341,COMMIT,https://github.com/alibaba/lowcode-engine/commit/298ab0f62f4045bbf121908f9c2cfed639768418
342,COMMIT,https://github.com/hyunjun/bookmarks/commit/395b879275a95546c50f73fbfb002ab87307233f
344,COMMIT,https://github.com/machinewrapped/gpt-subtrans/commit/1c732f21a63422b7542d378a85a27490aaf900a1
345,COMMIT,https://github.com/jakeprins/nextjs-chatgpt-tutorial/commit/092eefa38787ae3e4d77a5c0059f5b701fea65c8
346,COMMIT,https://github.com/zry656565/heaven-blog/commit/c4eef54d15799462a25ee4789e9f518ec9f3eb47
350,COMMIT,https://github.com/hyunjun/bookmarks/commit/119b9cefa016b5fa783774ab316f1b264eb57ccd
351,COMMIT,https://github.com/antoinejaussoin/retro-board/commit/ba94d9b59d21a6a380770fdf2b5baa79f653d62e
352,COMMIT,https://github.com/go-go-golems/geppetto/commit/b6cd255df2ea2ead0bc129ea9c6b728d3d06f30d
353,COMMIT,https://github.com/debanjandhar12/logseq-chatgpt-plugin/commit/4a5c44c2d2d62dbca4da285947153ae104f2602e
355,COMMIT,https://github.com/pingcap/ossinsight/commit/4f5eae86edd2e7ff794d0d1f7b47a456f81c8361
363,COMMIT,https://github.com/ljacobsson/sam-patterns-cli/commit/d5721f517a031d450a1750d84ffe4cdb7a1da310
364,COMMIT,https://github.com/forsigner/own-chat/commit/6beab90eec2748f6a02f047f4451c705da11a118
365,COMMIT,https://github.com/hyunjun/bookmarks/commit/1226e1f962fabee12b0f6ecbbc9e1cf14689e04a
369,COMMIT,https://github.com/debanjandhar12/logseq-chatgpt-plugin/commit/679f383927b5160f31378203d3a028a7843da981
370,COMMIT,https://github.com/debanjandhar12/logseq-chatgpt-plugin/commit/e2d1b2f24bfa3afc47f2496fdeaf6a34cbb0bd58
373,COMMIT,https://github.com/debanjandhar12/logseq-chatgpt-plugin/commit/bdd60877b6196f7b710221ab2b2c73259c138b17
375,COMMIT,https://github.com/cofacts/rumors-line-bot/commit/d5944fae1077278e0e4dfd0502a9bc26c5694261
376,COMMIT,https://github.com/hyunjun/bookmarks/commit/c64aaa310499d9414bde51845bdeb410678005a4
378,COMMIT,https://github.com/radio-t/super-bot/commit/593a00c4d45852841fe64a477d9d969912e262be
380,COMMIT,https://github.com/lrorpilla/jidoujisho/commit/4a6c5007006c50fc92ef1713a0342281850f900b
381,COMMIT,https://github.com/hyunjun/bookmarks/commit/1bfd46104fe25a3f7f8aeec615145948d620c7e1
383,COMMIT,https://github.com/luffy-xu/huskygpt/commit/65b315eda273f9e93cd426ee9198e9d3b9c89d44
384,COMMIT,https://github.com/luffy-xu/huskygpt/commit/ec0791794a3559b722e99797718deaf6da53742d
385,COMMIT,https://github.com/luffy-xu/huskygpt/commit/ba1f1207cccdd5db93ca9e8dbf75b29675427c9d
388,COMMIT,https://github.com/hyunjun/bookmarks/commit/70e63c1ec24a0cf998506665bdeb4c9783421c68
389,COMMIT,https://github.com/hyunjun/bookmarks/commit/171adce230f328135f1a3d341fa35a191d8a9038
390,COMMIT,https://github.com/titicacadev/triple-frontend/commit/8ae842bf3a6262d41aec33c27e4fa48cfe167930
391,COMMIT,https://github.com/titicacadev/triple-frontend/commit/3d0119733f8f4201148a6e4046994dace89c2cdf
400,COMMIT,https://github.com/derwiki/go-chatgpt/commit/c7aa09ccf20c19b614943225dd8883977a0fe264
401,COMMIT,https://github.com/haumacher/phoneblock/commit/50a780f2bec0301986bdc174cf927e68b9114b4b
403,COMMIT,https://github.com/debanjandhar12/logseq-chatgpt-plugin/commit/6f64fc1853ea30b7ae3af225e0820bdeebcbe6fc
404,COMMIT,https://github.com/debanjandhar12/logseq-chatgpt-plugin/commit/b6d85d9f4af0d5b01a78e988ad3bb8732b37ef1b
405,COMMIT,https://github.com/debanjandhar12/logseq-chatgpt-plugin/commit/9f9568a14e48fbeeac86f715ea1f22ad839e06a8
406,COMMIT,https://github.com/haumacher/phoneblock/commit/03edfce3574077247401beceef0ae8cb95dcb73b
407,COMMIT,https://github.com/cube2222/cuttlefish/commit/ddd16501a2062444954a5d7f8e510003204832bd
408,COMMIT,https://github.com/debanjandhar12/logseq-chatgpt-plugin/commit/72d6e88985d78a9a8fe6aed3fa6b429b959a75da
409,COMMIT,https://github.com/expo/expo/commit/6ff1ede4be0e18bc0b7ae15339a20855bc56478a
410,COMMIT,https://github.com/mafgwo/stackedit-plus/commit/1f52b71f68aa8f43cf657dec4fe24a1b2da5e8e8
413,COMMIT,https://github.com/strautomator/core/commit/4876a5ce722475b5ea74b1a1e14dbfe247d1bf5d
415,COMMIT,https://github.com/mirage-studio-io/chat-calculator-plugin/commit/69a7b8266736d94314410b144e7738aa55bca64c
416,COMMIT,https://github.com/sagemathinc/cocalc/commit/83bf96d14d2ff2a2458c8c7ba00c9e16d2768013
417,COMMIT,https://github.com/sagemathinc/cocalc/commit/3651e745038f7750c3494f7568e6753091a8a0ef
421,COMMIT,https://github.com/sagemathinc/cocalc/commit/86619e176f42679931af1ebb95980a621465629e
423,COMMIT,https://github.com/hyunjun/bookmarks/commit/e434f7f5bcd7d667daffd813d4e3bb6590fa934d
425,COMMIT,https://github.com/sailist/chatgpt-enhancement-extension/commit/1103f47c412aae7b4401c741db6e1408e1dd3039
426,COMMIT,https://github.com/sailist/chatgpt-enhancement-extension/commit/2939e77394278ae4a72c18e36065c07fa1117f44
427,COMMIT,https://github.com/sailist/chatgpt-enhancement-extension/commit/b7597fe9b792ed6e195d6ee228c327a73a432369
428,COMMIT,https://github.com/calleric/swift/commit/42ddde353dbd644516a7bc9eaa157181e7b9e9d5
431,COMMIT,https://github.com/linweiyuan/go-chatgpt/commit/b91cd6ecf9922580e9096627c4c9a4f82ce5445a
432,COMMIT,https://github.com/stevebauman/github-summarizer/commit/6a0b18fb813d4231233bcee90129d9843d2f6433
435,COMMIT,https://github.com/zsodur/chatgpt-api-by-browser-script/commit/9e239b9f91b5a198e24e924e0e8fd8e905675372
439,COMMIT,https://github.com/reorx/awesome-chatgpt-api/commit/04fc79dcccfcba1ea4fd9682b17ed02fde388179
442,COMMIT,https://github.com/marknagelberg/llm_repo_assistant/commit/0b6371274605d07b0770541fb1d2817aac1c8ced
445,COMMIT,https://github.com/him1411/edgar10q-dataset/commit/1bc146e71103cd6f7509530a1066612d80484866
446,COMMIT,https://github.com/antstackio/rover-cli/commit/f5b7931237672f85a0181fd52e3f9dd8ccd7ff2d
447,COMMIT,https://github.com/antstackio/rover-cli/commit/2d5bf9fff45d5ba657446f815554a80c736caac5
448,COMMIT,https://github.com/antstackio/rover-cli/commit/52218b2e8cc36266ec7e932c4ca9fc84fc833610
449,COMMIT,https://github.com/antstackio/rover-cli/commit/66d61041d6f4c10d08cfafb9e250add706bbf4db
450,COMMIT,https://github.com/antstackio/rover-cli/commit/7ededad036a645e61a99a7ffd3ff29628621677a
451,COMMIT,https://github.com/antstackio/rover-cli/commit/9e46f5e55c8ad07371d880dafef03e1274812464
452,COMMIT,https://github.com/antstackio/rover-cli/commit/19166f7071e8b6ccb0574b819e8b0f980e0a0b17
455,COMMIT,https://github.com/hyunjun/bookmarks/commit/55982601e0ba841e8eefa76fc965c9f4225bcfb0
456,COMMIT,https://github.com/kinosal/cowriter/commit/100811c93550ad1bc851337bfa4de4e6a4908b2d
457,COMMIT,https://github.com/hyunjun/bookmarks/commit/2e34ce9f281eefa43bb50a02ebbf207d1657f2df
458,COMMIT,https://github.com/changepack/changepack/commit/619aaff6f979e31ede8dedbf4a758d7155e9da2a
461,COMMIT,https://github.com/msgbyte/tailchat/commit/060d07ae8ee36dcf088ad253a18e6cabcd80f4d7
462,COMMIT,https://github.com/servicex-sh/httpx/commit/d90c8e6f62dd835c64da8eb6672ab0d45c141455
463,COMMIT,https://github.com/servicex-sh/httpx/commit/c00b1c07fd0b0df84c9902ca732f19c4ea8c5689
464,COMMIT,https://github.com/servicex-sh/httpx/commit/025b1bd7094d8f4692dc68ae7232f7e7e75af1c6
465,COMMIT,https://github.com/servicex-sh/httpx/commit/35f3eece25433e4a5374cc676c8e4629703be297
467,COMMIT,https://github.com/antstackio/rover-cli/commit/92ccf09d0908d9822f635256096971db9af0b9c4
468,COMMIT,https://github.com/antstackio/rover-cli/commit/f3c2df755ba550365085f89a62ebb8054f956c02
469,COMMIT,https://github.com/antstackio/rover-cli/commit/4fef396bd3fe07869af99c5ad021dcbf5da19d18
470,COMMIT,https://github.com/levy9527/blog/commit/cfe361f87cb9de102b9d46994cf97ca66e6d483b
471,COMMIT,https://github.com/rizerphe/obsidian-companion/commit/22d8f548f3a76927c93b7b11f3c510a359101591
475,COMMIT,https://github.com/reorx/awesome-chatgpt-api/commit/a13ac3a828fdd675b12c6fce753cd6172979defa
476,COMMIT,https://github.com/reorx/awesome-chatgpt-api/commit/22f59b66033064794675cf4020344085aea9752e
477,COMMIT,https://github.com/hyunjun/bookmarks/commit/2fc774ebf274a281dc2c3e07705584459447ed16
478,COMMIT,https://github.com/gptrust/gptrust/commit/87579005d0b0de07757ac444aa6dfa282f583ae0
479,COMMIT,https://github.com/dannywade/net-textorial/commit/c005b9a0503f9187300284abc810144107818330
481,COMMIT,https://github.com/hyunjun/bookmarks/commit/657daedbeb51585275ad2c5ddaea1622d47b9064
484,COMMIT,https://github.com/meain/dotfiles/commit/478649e58b1bbf92bc3480fd547ed14bf607c20c
485,COMMIT,https://github.com/ryuseisan/auto-chatgpt/commit/fa19b093f84303a86c869d2b98177b2d2244f93c
486,COMMIT,https://github.com/ryuseisan/auto-chatgpt/commit/c0ef4dec85d7189205442d3baacdcdb8526adcea
487,COMMIT,https://github.com/allenheltondev/serverless-toolbox/commit/757f0d225c9eaed8196d0d85969296ceca51bb91
488,COMMIT,https://github.com/creikey/rpgpt/commit/30c47d3256d4e625b014e146fd07f13a62d892c0
489,COMMIT,https://github.com/zetavg/twlm/commit/f823cd30b1dc39342b23d648183f6bd733ddddf4
492,COMMIT,https://github.com/nidhaloff/deep-translator/commit/0d89ff10cd3156a62aeac0e6f68914f8e1f4e990
493,COMMIT,https://github.com/krasun/damngood.tools/commit/2f5900546a46275e2668487e388fe6343073f287
494,COMMIT,https://github.com/sbird/fake_spectra/commit/be5b9d6e7b25dc5e978e3f926f0882889417c4a8
496,COMMIT,https://github.com/kezhenxu94/chatgpt-java/commit/decb5910ccb867f9a934d707db09a75ef524a085
497,COMMIT,https://github.com/aneasystone/weekly-practice/commit/4fdc890d6b6ebfa12201f0e4f9d8c23405eeb0ca
498,COMMIT,https://github.com/ecraft2learn/ai/commit/457fa7a9b1c5b70a6256b353de8b4c49d4b6b0b1
500,COMMIT,https://github.com/spring-projects-experimental/spring-cli/commit/51713ef87e61b69228921c48a9d0f53642ba510b
501,COMMIT,https://github.com/thm-projects/frag.jetzt/commit/d88bf50904ca88beda81389546a3332c8ad9178f
502,COMMIT,https://github.com/rogeriochaves/bmo/commit/bc4e74d159d358e02b3bc629835c3e39f0bf4531
503,COMMIT,https://github.com/sagemathinc/cocalc/commit/16da3707cb9340544a1da315b0558543e90c51ca
504,COMMIT,https://github.com/sagemathinc/cocalc/commit/80ad542991b51d1f964f341809ad30774dfc4dad
509,COMMIT,https://github.com/jaredpalmer/formik/commit/4fcf01c0484a7bb727d78c40746d29dead494d59
512,COMMIT,https://github.com/hibobmaster/matrix_chatgpt_bot/commit/c72e6d6f8e178c5bb4a9e8ef5d1901cb8b4892f2
513,COMMIT,https://github.com/intel/intel-extension-for-transformers/commit/e573fd110babfdbb8a1e06c7f0f8b86f4454fec0
514,COMMIT,https://github.com/hyunjun/bookmarks/commit/f7d0fd92b8a3613dda3ab183a3e2873e150c1b97
516,COMMIT,https://github.com/alnutile/larachain/commit/e9c671f08cf6d38cb7b5e1cd9fb607f87521ac2a
520,COMMIT,https://github.com/brando90/ultimate-utils/commit/be77bf25c932924cd733374b2e2554799be374d6
521,COMMIT,https://github.com/hyunjun/bookmarks/commit/7ba587d7c190c2683b27d7129c45a854eab1cb78
522,COMMIT,https://github.com/gregorriegler/mob-programming-rpg/commit/5907691e320d123994165a453b2995af159d5822
523,COMMIT,https://github.com/gregorriegler/mob-programming-rpg/commit/c5812f44b993ffd6e98bdc09c62af9b50ac36f9a
524,COMMIT,https://github.com/sobelio/llm-chain/commit/4d8cfeafbaa7d38dbcbd61751c177faa7764852d
525,COMMIT,https://github.com/pnpm/pn/commit/460a15f587affe3551b48091b729d9ee2b47c2e3
526,COMMIT,https://github.com/solita/solita.github.com/commit/f623f48cf3abb2d37b525e961b55bc69b7f98ee8
527,COMMIT,https://github.com/hyunjun/bookmarks/commit/8a18bd1f3ca9dc8a4cbbaa865e3f64ed75671527
528,ISSUE,https://github.com/vincelwt/chatgpt-mac/issues/1
529,ISSUE,https://github.com/meixger/hackernews-daily/issues/75
530,ISSUE,https://github.com/mmabrouk/chatgpt-wrapper/issues/5
531,ISSUE,https://github.com/xueyuanl/daily-hackernews/issues/818
532,ISSUE,https://github.com/headllines/hackernews-daily/issues/873
533,ISSUE,https://github.com/wong2/chatgpt-google-extension/issues/13
534,ISSUE,https://github.com/meixger/hackernews-daily/issues/78
535,ISSUE,https://github.com/barnesoir/chatgpt-vscode-plugin/issues/1
536,ISSUE,https://github.com/onysakura/news-daily/issues/2413
537,ISSUE,https://github.com/wong2/chatgpt-google-extension/issues/29
538,ISSUE,https://github.com/vincelwt/chatgpt-mac/issues/20
540,ISSUE,https://github.com/max-sixty/aoc-gpt/issues/8
541,ISSUE,https://github.com/onysakura/news-daily/issues/2417
542,ISSUE,https://github.com/headllines/hackernews-daily/issues/875
543,ISSUE,https://github.com/qunash/chatgpt-advanced/issues/9
544,ISSUE,https://github.com/jiacai2050/hot-posts/issues/124
545,ISSUE,https://github.com/koishijs/chatgpt-bot/issues/8
546,ISSUE,https://github.com/yudax42/askai/issues/1
547,ISSUE,https://github.com/meixger/hackernews-daily/issues/80
549,ISSUE,https://github.com/m1guelpf/chatgpt-telegram/issues/33
550,ISSUE,https://github.com/pyg-team/pytorch_geometric/issues/6177
551,ISSUE,https://github.com/onysakura/news-daily/issues/2421
552,ISSUE,https://github.com/m1guelpf/chatgpt-telegram/issues/36
553,ISSUE,https://github.com/koishijs/chatgpt-bot/issues/19
554,ISSUE,https://github.com/transitive-bullshit/chatgpt-api/issues/57
555,ISSUE,https://github.com/openai/openai-quickstart-node/issues/22
556,ISSUE,https://github.com/gencay/vscode-chatgpt/issues/10
559,ISSUE,https://github.com/paulotruta/jee-pee-tee/issues/6
560,ISSUE,https://github.com/onysakura/news-daily/issues/2425
561,ISSUE,https://github.com/wong2/chatgpt-google-extension/issues/78
562,ISSUE,https://github.com/wong2/chatgpt-google-extension/issues/87
563,ISSUE,https://github.com/onysakura/news-daily/issues/2429
564,ISSUE,https://github.com/fuergaosi233/wechat-chatgpt/issues/206
565,ISSUE,https://github.com/onysakura/news-daily/issues/2433
566,ISSUE,https://github.com/mpociot/chatgpt-vscode/issues/13
567,ISSUE,https://github.com/mmabrouk/chatgpt-wrapper/issues/26
568,ISSUE,https://github.com/onysakura/news-daily/issues/2437
569,ISSUE,https://github.com/ggerganov/ggml/issues/10
570,ISSUE,https://github.com/memochou1993/gpt-ai-assistant/issues/7
571,ISSUE,https://github.com/transitive-bullshit/chatgpt-api/issues/109
572,ISSUE,https://github.com/onysakura/news-daily/issues/2441
573,ISSUE,https://github.com/wong2/chatgpt-google-extension/issues/108
575,ISSUE,https://github.com/onysakura/news-daily/issues/2445
576,ISSUE,https://github.com/lefticus/cpp_weekly/issues/215
578,ISSUE,https://github.com/mmabrouk/chatgpt-wrapper/issues/33
579,ISSUE,https://github.com/onysakura/news-daily/issues/2449
580,ISSUE,https://github.com/msfrisbie/chat-gpt-assistant/issues/8
581,ISSUE,https://github.com/onysakura/news-daily/issues/2453
582,ISSUE,https://github.com/taranjeet/unofficial-chatgpt-api/issues/21
583,ISSUE,https://github.com/zhengbangbo/chat-gpt-userscript/issues/16
584,ISSUE,https://github.com/gencay/vscode-chatgpt/issues/19
585,ISSUE,https://github.com/labteral/chatgpt-python/issues/23
586,ISSUE,https://github.com/meixger/hackernews-daily/issues/91
587,ISSUE,https://github.com/skydoves/chatgpt-android/issues/40
589,ISSUE,https://github.com/meixger/hackernews-daily/issues/95
590,ISSUE,https://github.com/onysakura/news-daily/issues/2481
591,ISSUE,https://github.com/barnesoir/chatgpt-vscode-plugin/issues/29
593,ISSUE,https://github.com/yasyf/gpt-do/issues/2
594,ISSUE,https://github.com/wong2/chatgpt-google-extension/issues/144
595,ISSUE,https://github.com/onysakura/news-daily/issues/2493
596,ISSUE,https://github.com/vincelwt/chatgpt-mac/issues/70
597,ISSUE,https://github.com/wong2/chatgpt-google-extension/issues/147
598,ISSUE,https://github.com/gencay/vscode-chatgpt/issues/25
599,ISSUE,https://github.com/onysakura/news-daily/issues/2501
600,ISSUE,https://github.com/wong2/chatgpt-google-extension/issues/156
601,ISSUE,https://github.com/kiranvshah/chatgpt-helper/issues/26
602,ISSUE,https://github.com/openai/openai-python/issues/164
603,ISSUE,https://github.com/transitive-bullshit/chatgpt-api/issues/217
604,ISSUE,https://github.com/onysakura/news-daily/issues/2513
606,ISSUE,https://github.com/gencay/vscode-chatgpt/issues/38
607,ISSUE,https://github.com/vincelwt/chatgpt-mac/issues/74
609,ISSUE,https://github.com/meixger/hackernews-daily/issues/108
610,ISSUE,https://github.com/xueyuanl/daily-hackernews/issues/849
611,ISSUE,https://github.com/mpociot/chatgpt-vscode/issues/31
612,ISSUE,https://github.com/headllines/hackernews-daily/issues/904
613,ISSUE,https://github.com/jiacai2050/hot-posts/issues/153
614,ISSUE,https://github.com/qunash/chatgpt-advanced/issues/31
615,ISSUE,https://github.com/nguyenvanduocit/obsidian-open-gate/issues/4
618,ISSUE,https://github.com/msfrisbie/chat-gpt-assistant/issues/15
619,ISSUE,https://github.com/headllines/hackernews-weekly/issues/150
620,ISSUE,https://github.com/xueyuanl/daily-hackernews/issues/855
621,ISSUE,https://github.com/domeccleston/sharegpt/issues/32
622,ISSUE,https://github.com/alyssaxuu/omni/issues/105
624,ISSUE,https://github.com/onysakura/news-daily/issues/2581
627,ISSUE,https://github.com/jezs00/pycasso/issues/27
629,ISSUE,https://github.com/jiacai2050/hot-posts/issues/167
630,ISSUE,https://github.com/openai/gpt-discord-bot/issues/17
633,ISSUE,https://github.com/tech-conferences/conference-data/issues/5149
634,ISSUE,https://github.com/onysakura/news-daily/issues/2601
635,ISSUE,https://github.com/esteinmann/chatgpt-convdown/issues/15
637,ISSUE,https://github.com/onysakura/news-daily/issues/2605
638,ISSUE,https://github.com/artisticat1/obsidian-latex-suite/issues/113
640,ISSUE,https://github.com/danielgross/whatsapp-gpt/issues/45
641,ISSUE,https://github.com/wong2/chatgpt-google-extension/issues/200
642,ISSUE,https://github.com/coskuncay/flutter_chatgpt_api/issues/11
644,ISSUE,https://github.com/onysakura/news-daily/issues/2613
645,ISSUE,https://github.com/xueyuanl/daily-hackernews/issues/870
646,ISSUE,https://github.com/headllines/hackernews-daily/issues/925
647,ISSUE,https://github.com/jiacai2050/hot-posts/issues/174
648,ISSUE,https://github.com/slidevjs/slidev/issues/850
649,ISSUE,https://github.com/systemd/systemd/issues/26212
652,ISSUE,https://github.com/gragland/chatgpt-chrome-extension/issues/22
654,ISSUE,https://github.com/mmabrouk/chatgpt-wrapper/issues/75
655,ISSUE,https://github.com/jiacai2050/hot-posts/issues/176
656,ISSUE,https://github.com/cirolini/chatgpt-github-actions/issues/3
657,ISSUE,https://github.com/jiacai2050/hot-posts/issues/177
659,ISSUE,https://github.com/meixger/hackernews-daily/issues/133
661,ISSUE,https://github.com/dotabod/backend/issues/139
663,ISSUE,https://github.com/onysakura/news-daily/issues/2636
664,ISSUE,https://github.com/qunash/chatgpt-advanced/issues/48
665,ISSUE,https://github.com/rodgetech/cron-ai/issues/4
667,ISSUE,https://github.com/gencay/vscode-chatgpt/issues/82
668,ISSUE,https://github.com/dappros/ethora/issues/370
669,ISSUE,https://github.com/danielgross/whatsapp-gpt/issues/53
670,ISSUE,https://github.com/onysakura/news-daily/issues/2644
671,ISSUE,https://github.com/gragland/chatgpt-chrome-extension/issues/25
672,ISSUE,https://github.com/openai/openai-python/issues/208
673,ISSUE,https://github.com/gencay/vscode-chatgpt/issues/88
674,ISSUE,https://github.com/openai/openai-node/issues/57
677,ISSUE,https://github.com/scottleibrand/gpt-summarizer/issues/9
678,ISSUE,https://github.com/meixger/hackernews-daily/issues/140
679,ISSUE,https://github.com/spring-cloud/spring-cloud-stream-binder-rabbit/issues/362
681,ISSUE,https://github.com/onysakura/news-daily/issues/2660
682,ISSUE,https://github.com/searxng/searxng/issues/2163
683,ISSUE,https://github.com/onysakura/news-daily/issues/2664
684,ISSUE,https://github.com/chamilo/chamilo-lms/issues/4594
685,ISSUE,https://github.com/gencay/vscode-chatgpt/issues/101
687,ISSUE,https://github.com/onysakura/news-daily/issues/2668
688,ISSUE,https://github.com/matrixgpt/matrix-chatgpt-bot/issues/92
689,ISSUE,https://github.com/pionxzh/chatgpt-exporter/issues/43
690,ISSUE,https://github.com/matrixgpt/matrix-chatgpt-bot/issues/95
691,ISSUE,https://github.com/matrixgpt/matrix-chatgpt-bot/issues/98
692,ISSUE,https://github.com/gragland/chatgpt-chrome-extension/issues/28
693,ISSUE,https://github.com/onysakura/news-daily/issues/2672
694,ISSUE,https://github.com/otiai10/openaigo/issues/2
695,ISSUE,https://github.com/snypiie/gitagpt/issues/5
697,ISSUE,https://github.com/onysakura/news-daily/issues/2676
698,ISSUE,https://github.com/wong2/chatgpt-google-extension/issues/243
699,ISSUE,https://github.com/onysakura/news-daily/issues/2680
700,ISSUE,https://github.com/timkmecl/chatgpt-vscode/issues/11
701,ISSUE,https://github.com/gencay/vscode-chatgpt/issues/122
702,ISSUE,https://github.com/gragland/chatgpt-chrome-extension/issues/32
703,ISSUE,https://github.com/onysakura/news-daily/issues/2684
704,ISSUE,https://github.com/headllines/hackernews-daily/issues/942
705,ISSUE,https://github.com/sturdy-dev/codereview.gpt/issues/9
706,ISSUE,https://github.com/meixger/hackernews-daily/issues/147
707,ISSUE,https://github.com/mattn/chatgpt/issues/2
708,ISSUE,https://github.com/onysakura/news-daily/issues/2688
709,ISSUE,https://github.com/jiacai2050/hot-posts/issues/192
710,ISSUE,https://github.com/qunash/chatgpt-advanced/issues/60
711,ISSUE,https://github.com/sam4k/lica/issues/1
712,ISSUE,https://github.com/timkmecl/chatgpt-vscode/issues/12
713,ISSUE,https://github.com/waylaidwanderer/node-chatgpt-api/issues/68
714,ISSUE,https://github.com/wong2/chatgpt-google-extension/issues/255
715,ISSUE,https://github.com/onysakura/news-daily/issues/2692
717,ISSUE,https://github.com/betalgo/openai/issues/101
718,ISSUE,https://github.com/gencay/vscode-chatgpt/issues/137
719,ISSUE,https://github.com/commitizen-tools/commitizen/issues/670
720,ISSUE,https://github.com/s2ward/469/issues/16
721,ISSUE,https://github.com/onysakura/news-daily/issues/2696
722,ISSUE,https://github.com/jiacai2050/hot-posts/issues/194
724,ISSUE,https://github.com/gencay/vscode-chatgpt/issues/139
725,ISSUE,https://github.com/nezort11/chatgpt-mobile/issues/1
726,ISSUE,https://github.com/qunash/chatgpt-advanced/issues/64
727,ISSUE,https://github.com/microsoft/vscode/issues/174573
728,ISSUE,https://github.com/transitive-bullshit/chatgpt-api/issues/357
730,ISSUE,https://github.com/timkmecl/codegpt/issues/6
732,ISSUE,https://github.com/mmabrouk/chatgpt-wrapper/issues/105
736,ISSUE,https://github.com/jiacai2050/hot-posts/issues/199
737,ISSUE,https://github.com/linkml/linkml/issues/1298
738,ISSUE,https://github.com/kiosion/kio.dev/issues/678
739,ISSUE,https://github.com/askrella/whatsapp-chatgpt/issues/81
740,ISSUE,https://github.com/qunash/chatgpt-advanced/issues/75
741,ISSUE,https://github.com/heuer/segno/issues/119
742,ISSUE,https://github.com/meixger/hackernews-daily/issues/156
743,ISSUE,https://github.com/xueyuanl/daily-hackernews/issues/897
745,ISSUE,https://github.com/chainstacklabs/developer-hub-content/issues/71
746,ISSUE,https://github.com/mmabrouk/chatgpt-wrapper/issues/127
747,ISSUE,https://github.com/headllines/hackernews-daily/issues/952
748,ISSUE,https://github.com/jiacai2050/hot-posts/issues/201
749,ISSUE,https://github.com/transitive-bullshit/chatgpt-api/issues/382
750,ISSUE,https://github.com/mikeizbicki/cmc-csci143/issues/292
751,ISSUE,https://github.com/waylaidwanderer/node-chatgpt-api/issues/110
753,ISSUE,https://github.com/mmabrouk/chatgpt-wrapper/issues/140
754,ISSUE,https://github.com/davila7/code-gpt-docs/issues/47
755,ISSUE,https://github.com/onysakura/news-daily/issues/2736
756,ISSUE,https://github.com/lss233/chatgpt-mirai-qq-bot/issues/196
759,ISSUE,https://github.com/mmabrouk/chatgpt-wrapper/issues/148
760,ISSUE,https://github.com/facebookresearch/llama/issues/24
761,ISSUE,https://github.com/pionxzh/chatgpt-exporter/issues/58
762,ISSUE,https://github.com/vibovenkat123/review-gpt/issues/11
764,ISSUE,https://github.com/onysakura/news-daily/issues/2748
765,ISSUE,https://github.com/specify/specify7/issues/3061
766,ISSUE,https://github.com/qunash/chatgpt-advanced/issues/88
767,ISSUE,https://github.com/gencay/vscode-chatgpt/issues/164
768,ISSUE,https://github.com/openai/openai-node/issues/66
769,ISSUE,https://github.com/felixbade/assistant/issues/21
770,ISSUE,https://github.com/briansunter/logseq-plugin-gpt3-openai/issues/83
771,ISSUE,https://github.com/dense-analysis/neural/issues/29
772,ISSUE,https://github.com/transitive-bullshit/chatgpt-api/issues/420
773,ISSUE,https://github.com/wong2/chatgpt-google-extension/issues/295
774,ISSUE,https://github.com/onysakura/news-daily/issues/2760
775,ISSUE,https://github.com/transitive-bullshit/chatgpt-api/issues/423
776,ISSUE,https://github.com/askrella/whatsapp-chatgpt/issues/121
777,ISSUE,https://github.com/dailydotdev/docs/issues/175
779,ISSUE,https://github.com/louis030195/obsidian-ava/issues/58
780,ISSUE,https://github.com/ytdl-org/youtube-dl/issues/31758
781,ISSUE,https://github.com/memochou1993/gpt-ai-assistant/issues/186
782,ISSUE,https://github.com/onysakura/news-daily/issues/2768
783,ISSUE,https://github.com/gencay/vscode-chatgpt/issues/186
784,ISSUE,https://github.com/kiranvshah/chatgpt-helper/issues/32
785,ISSUE,https://github.com/transitive-bullshit/chatgpt-api/issues/437
786,ISSUE,https://github.com/felixbade/assistant/issues/43
787,ISSUE,https://github.com/j178/chatgpt/issues/10
788,ISSUE,https://github.com/beyondcode/chatgpt-clone/issues/1
789,ISSUE,https://github.com/facebookresearch/llama/issues/130
790,ISSUE,https://github.com/youngle316/chatgpt-nextjs/issues/24
791,ISSUE,https://github.com/karfly/chatgpt_telegram_bot/issues/87
792,ISSUE,https://github.com/waylaidwanderer/node-chatgpt-api/issues/160
793,ISSUE,https://github.com/dmkoelle/jfugue/issues/12
795,ISSUE,https://github.com/gencay/vscode-chatgpt/issues/194
797,ISSUE,https://github.com/onysakura/news-daily/issues/2776
798,ISSUE,https://github.com/deepset-ai/haystack/issues/4344
799,ISSUE,https://github.com/shapehq/slack-chatgpt/issues/5
801,ISSUE,https://github.com/n3d1117/chatgpt-telegram-bot/issues/44
802,ISSUE,https://github.com/briansunter/logseq-plugin-gpt3-openai/issues/90
803,ISSUE,https://github.com/wong2/chatgpt-google-extension/issues/308
804,ISSUE,https://github.com/pionxzh/chatgpt-exporter/issues/68
805,ISSUE,https://github.com/onysakura/news-daily/issues/2780
806,ISSUE,https://github.com/karfly/chatgpt_telegram_bot/issues/97
807,ISSUE,https://github.com/eunomia-bpf/bpf-developer-tutorial/issues/10
808,ISSUE,https://github.com/pengzhile/pandora/issues/51
809,ISSUE,https://github.com/ferdium/ferdium-app/issues/1043
810,ISSUE,https://github.com/unsafecoerce/chatgpt-action/issues/33
811,ISSUE,https://github.com/eunomia-bpf/chatrepo/issues/6
814,ISSUE,https://github.com/nonebot/nonebot2/issues/1784
817,ISSUE,https://github.com/wunderwuzzi23/yolo-ai-cmdbot/issues/10
818,ISSUE,https://github.com/onysakura/news-daily/issues/2788
819,ISSUE,https://github.com/wong2/chatgpt-google-extension/issues/316
821,ISSUE,https://github.com/heypoom/spending-visualizer/issues/19
822,ISSUE,https://github.com/tauri-apps/tauri-discord-bot/issues/109
823,ISSUE,https://github.com/onysakura/news-daily/issues/2792
824,ISSUE,https://github.com/prompt-engineering/click-prompt/issues/100
825,ISSUE,https://github.com/prompt-engineering/click-prompt/issues/101
826,ISSUE,https://github.com/openai/openai-cookbook/issues/210
827,ISSUE,https://github.com/microsoft/vscode/issues/176856
828,ISSUE,https://github.com/bramses/chatgpt-md/issues/7
829,ISSUE,https://github.com/onysakura/news-daily/issues/2796
831,ISSUE,https://github.com/kholmogorov27/chevron/issues/7
832,ISSUE,https://github.com/vercel/next.js/issues/47043
833,ISSUE,https://github.com/shobrook/adrenaline/issues/27
834,ISSUE,https://github.com/onysakura/news-daily/issues/2800
835,ISSUE,https://github.com/gencay/vscode-chatgpt/issues/215
836,ISSUE,https://github.com/bramses/chatgpt-md/issues/14
838,ISSUE,https://github.com/onysakura/news-daily/issues/2804
839,ISSUE,https://github.com/openai/openai-python/issues/305
840,ISSUE,https://github.com/open-mmlab/mmdetection/issues/9942
841,ISSUE,https://github.com/yamankatby/firebase-extensions/issues/55
842,ISSUE,https://github.com/gencay/vscode-chatgpt/issues/219
843,ISSUE,https://github.com/onysakura/news-daily/issues/2808
844,ISSUE,https://github.com/qunash/chatgpt-advanced/issues/108
846,ISSUE,https://github.com/cursey/ue4genny/issues/15
847,ISSUE,https://github.com/windingwind/zotero-pdf-translate/issues/395
849,ISSUE,https://github.com/rear/rear/issues/2957
851,ISSUE,https://github.com/onysakura/news-daily/issues/2812
852,ISSUE,https://github.com/kellpossible/cargo-i18n/issues/105
853,ISSUE,https://github.com/askrella/whatsapp-chatgpt/issues/149
854,ISSUE,https://github.com/prompt-engineering/click-prompt/issues/117
855,ISSUE,https://github.com/openai/openai-cookbook/issues/232
856,ISSUE,https://github.com/lss233/chatgpt-mirai-qq-bot/issues/383
857,ISSUE,https://github.com/sagemathinc/cocalc/issues/6554
858,ISSUE,https://github.com/onysakura/news-daily/issues/2815
859,ISSUE,https://github.com/mmabrouk/chatgpt-wrapper/issues/231
860,ISSUE,https://github.com/csteinmetz1/pyloudnorm/issues/53
861,ISSUE,https://github.com/fengyuli-dev/multimedia-gpt/issues/2
863,ISSUE,https://github.com/prosyslab-classroom/cs348-information-security/issues/231
864,ISSUE,https://github.com/davila7/code-gpt-docs/issues/71
865,ISSUE,https://github.com/wong2/chatgpt-google-extension/issues/339
866,ISSUE,https://github.com/yihong0618/bilingual_book_maker/issues/187
867,ISSUE,https://github.com/gencay/vscode-chatgpt/issues/239
868,ISSUE,https://github.com/asrul10/linux-command-gpt/issues/5
869,ISSUE,https://github.com/onysakura/news-daily/issues/2823
870,ISSUE,https://github.com/mmabrouk/chatgpt-wrapper/issues/239
871,ISSUE,https://github.com/onysakura/news-daily/issues/2827
872,ISSUE,https://github.com/knrd1/chatgpt/issues/1
873,ISSUE,https://github.com/jarylc/cf-workers-chatgpt-telegram-bot/issues/3
874,ISSUE,https://github.com/juanrgon/chatgpt-cli/issues/1
876,ISSUE,https://github.com/anasfik/openai/issues/21
877,ISSUE,https://github.com/onysakura/news-daily/issues/2831
878,ISSUE,https://github.com/intelops/compage/issues/94
879,ISSUE,https://github.com/rs/zerolog/issues/530
881,ISSUE,https://github.com/sonnylazuardi/chat-ai-desktop/issues/40
882,ISSUE,https://github.com/botpress/botpress/issues/12549
883,ISSUE,https://github.com/antimatter15/alpaca.cpp/issues/110
885,ISSUE,https://github.com/onysakura/news-daily/issues/2835
887,ISSUE,https://github.com/eggjs/egg/issues/5161
888,ISSUE,https://github.com/jack482653/openai-slack-bot/issues/7
890,ISSUE,https://github.com/bramses/chatgpt-md/issues/27
891,ISSUE,https://github.com/chathub-dev/chathub/issues/147
892,ISSUE,https://github.com/wong2/chatgpt-google-extension/issues/354
893,ISSUE,https://github.com/onysakura/news-daily/issues/2839
894,ISSUE,https://github.com/onysakura/news-daily/issues/2843
896,ISSUE,https://github.com/openai/openai-cookbook/issues/275
897,ISSUE,https://github.com/waylaidwanderer/node-chatgpt-api/issues/234
898,ISSUE,https://github.com/openai/chatgpt-retrieval-plugin/issues/28
900,ISSUE,https://github.com/hallatore/stable-diffusion-webui-chatgpt-utilities/issues/6
901,ISSUE,https://github.com/pokt-network/pocket/issues/619
902,ISSUE,https://github.com/zhayujie/chatgpt-on-wechat/issues/598
903,ISSUE,https://github.com/sashabaranov/go-openai/issues/198
905,ISSUE,https://github.com/tom-doerr/vim_codex/issues/22
906,ISSUE,https://github.com/onysakura/news-daily/issues/2851
908,ISSUE,https://github.com/brianpetro/obsidian-smart-connections/issues/99
909,ISSUE,https://github.com/zhayujie/chatgpt-on-wechat/issues/616
910,ISSUE,https://github.com/debanjandhar12/logseq-chatgpt-plugin/issues/4
912,ISSUE,https://github.com/rodrigorc/raze/issues/2
915,ISSUE,https://github.com/sagemathinc/cocalc/issues/6588
917,ISSUE,https://github.com/onysakura/news-daily/issues/2860
918,ISSUE,https://github.com/zhayujie/chatgpt-on-wechat/issues/646
919,ISSUE,https://github.com/damonsk/onlinewardleymaps/issues/159
923,ISSUE,https://github.com/aws-samples/serverless-patterns/issues/1180
926,ISSUE,https://github.com/mmabrouk/chatgpt-wrapper/issues/265
927,ISSUE,https://github.com/0xreeko/gpt2markdown/issues/18
928,ISSUE,https://github.com/servingbaby/chatgpt-html/issues/21
929,ISSUE,https://github.com/mmabrouk/chatgpt-wrapper/issues/266
930,ISSUE,https://github.com/zhayujie/chatgpt-on-wechat/issues/705
931,ISSUE,https://github.com/zhayujie/chatgpt-on-wechat/issues/706
933,ISSUE,https://github.com/wong2/chatgpt-google-extension/issues/362
934,ISSUE,https://github.com/j178/chatgpt/issues/45
935,ISSUE,https://github.com/enricoros/big-agi/issues/36
936,ISSUE,https://github.com/zhayujie/chatgpt-on-wechat/issues/715
937,ISSUE,https://github.com/nalgeon/pokitoki/issues/10
938,ISSUE,https://github.com/strautomator/core/issues/22
941,ISSUE,https://github.com/meixger/hackernews-daily/issues/195
942,ISSUE,https://github.com/xueyuanl/daily-hackernews/issues/936
943,ISSUE,https://github.com/mpociot/chatgpt-vscode/issues/49
944,ISSUE,https://github.com/rohitdasu/projectmate/issues/365
945,ISSUE,https://github.com/joshiemoore/snakeware/issues/184
946,ISSUE,https://github.com/afc163/fanyi/issues/86
948,ISSUE,https://github.com/paradigmxyz/flux/issues/48
951,ISSUE,https://github.com/moeakwak/chatgpt-web-share/issues/59
953,ISSUE,https://github.com/hwchase17/chat-your-data/issues/8
954,ISSUE,https://github.com/juanfont/headscale/issues/1313
955,ISSUE,https://github.com/unchainedshop/unchained/issues/557
957,ISSUE,https://github.com/nextcloud/integration_openai/issues/5
959,ISSUE,https://github.com/debanjandhar12/logseq-chatgpt-plugin/issues/13
960,ISSUE,https://github.com/openai/chatgpt-retrieval-plugin/issues/139
961,ISSUE,https://github.com/synesthesiam/voice2json/issues/86
963,ISSUE,https://github.com/jrieke/best-of-streamlit/issues/91
964,ISSUE,https://github.com/fastify/fastify-swagger-ui/issues/55
965,ISSUE,https://github.com/pratikbaid3/flutter_client_sse/issues/9
966,ISSUE,https://github.com/meixger/hackernews-daily/issues/200
967,ISSUE,https://github.com/transitive-bullshit/chatgpt-well-known-plugin-finder/issues/1
968,ISSUE,https://github.com/domeccleston/sharegpt/issues/87
969,ISSUE,https://github.com/domeccleston/sharegpt/issues/92
970,ISSUE,https://github.com/circulatedev/last-stop/issues/11
971,ISSUE,https://github.com/jiacai2050/hot-posts/issues/245
972,ISSUE,https://github.com/anasfik/openai/issues/34
973,ISSUE,https://github.com/blrchen/gptlite/issues/11
974,ISSUE,https://github.com/chamilo/chamilo-lms/issues/4671
975,ISSUE,https://github.com/sagemathinc/cocalc/issues/6619
976,ISSUE,https://github.com/openai/openai-python/issues/385
977,ISSUE,https://github.com/sagemathinc/cocalc/issues/6620
978,ISSUE,https://github.com/onysakura/news-daily/issues/2906
979,ISSUE,https://github.com/vincelwt/chatgpt-mac/issues/109
980,ISSUE,https://github.com/bramses/chatgpt-md/issues/61
982,ISSUE,https://github.com/vasilecampeanu/obsidian-weaver/issues/13
983,ISSUE,https://github.com/roc-lang/roc/issues/5265
984,ISSUE,https://github.com/briansunter/logseq-plugin-gpt3-openai/issues/107
985,ISSUE,https://github.com/askrella/whatsapp-chatgpt/issues/184
986,ISSUE,https://github.com/dosbox-staging/dosbox-staging/issues/2394
987,ISSUE,https://github.com/keiffster/program-y/issues/315
989,ISSUE,https://github.com/zhayujie/chatgpt-on-wechat/issues/796
990,ISSUE,https://github.com/honeynet/droidbot/issues/147
991,ISSUE,https://github.com/embassy-rs/stm32-data/issues/184
992,ISSUE,https://github.com/meixger/hackernews-daily/issues/205
993,ISSUE,https://github.com/xueyuanl/daily-hackernews/issues/946
994,ISSUE,https://github.com/tatsu-lab/stanford_alpaca/issues/203
995,ISSUE,https://github.com/danielgross/whatsapp-gpt/issues/69
997,ISSUE,https://github.com/jiacai2050/hot-posts/issues/250
1000,ISSUE,https://github.com/pionxzh/chatgpt-exporter/issues/116
1001,ISSUE,https://github.com/nativefier/nativefier/issues/1529
1002,ISSUE,https://github.com/goldfishh/chatgpt-tool-hub/issues/16
1003,ISSUE,https://github.com/zhayujie/chatgpt-on-wechat/issues/835
1004,ISSUE,https://github.com/kiranvshah/chatgpt-helper/issues/40
1007,ISSUE,https://github.com/oliveirabruno01/babyagi-asi/issues/5
1008,ISSUE,https://github.com/openai/chatgpt-retrieval-plugin/issues/184
1009,ISSUE,https://github.com/esteinmann/chatgpt-convdown/issues/37
1010,ISSUE,https://github.com/glushchenko/fsnotes/issues/1515
1012,ISSUE,https://github.com/whitead/paper-qa/issues/70
1013,ISSUE,https://github.com/mpociot/chatgpt-vscode/issues/54
1014,ISSUE,https://github.com/mckaywrigley/ai-brainstore/issues/7
1015,ISSUE,https://github.com/debanjandhar12/logseq-chatgpt-plugin/issues/19
1017,ISSUE,https://github.com/s2ward/469/issues/18
1018,ISSUE,https://github.com/farizrahman4u/loopgpt/issues/3
1020,ISSUE,https://github.com/pashpashpash/vault-ai/issues/26
1022,ISSUE,https://github.com/codecobblers/dirtyjson/issues/7
1023,ISSUE,https://github.com/raycast/extensions/issues/6071
1024,ISSUE,https://github.com/pokt-network/pocket/issues/697
1025,ISSUE,https://github.com/lencx/nofwl/issues/55
1028,ISSUE,https://github.com/dqbd/tiktoken/issues/31
1029,ISSUE,https://github.com/zhayujie/chatgpt-on-wechat/issues/927
1030,ISSUE,https://github.com/lfortran/lfortran/issues/1594
1031,ISSUE,https://github.com/zhayujie/chatgpt-on-wechat/issues/929
1032,ISSUE,https://github.com/ismartcoding/plain-app/issues/19
1033,ISSUE,https://github.com/defano/wyldcard/issues/125
1034,ISSUE,https://github.com/raycast/extensions/issues/6108
1036,ISSUE,https://github.com/yoheinakajima/babyagi/issues/245
1040,ISSUE,https://github.com/zhayujie/chatgpt-on-wechat/issues/940
1041,ISSUE,https://github.com/deforum-art/sd-webui-deforum/issues/609
1042,ISSUE,https://github.com/zhayujie/chatgpt-on-wechat/issues/947
1043,ISSUE,https://github.com/zhayujie/chatgpt-on-wechat/issues/953
1044,ISSUE,https://github.com/eslint/eslint/issues/17118
1045,ISSUE,https://github.com/openai/tiktoken/issues/115
1046,ISSUE,https://github.com/ohmyzsh/ohmyzsh/issues/11643
1047,ISSUE,https://github.com/zhayujie/chatgpt-on-wechat/issues/963
1049,ISSUE,https://github.com/zhayujie/chatgpt-on-wechat/issues/965
1050,ISSUE,https://github.com/zhayujie/chatgpt-on-wechat/issues/975
1054,ISSUE,https://github.com/featbit/featbit/issues/338
1056,ISSUE,https://github.com/strictdoc-project/strictdoc/issues/1141
1057,ISSUE,https://github.com/privatenumber/minification-benchmarks/issues/343
1058,ISSUE,https://github.com/appsmithorg/appsmith/issues/22849
1059,ISSUE,https://github.com/n3d1117/chatgpt-telegram-bot/issues/289
1060,ISSUE,https://github.com/starship/starship/issues/5158
1062,ISSUE,https://github.com/lss233/chatgpt-mirai-qq-bot/issues/742
1063,ISSUE,https://github.com/transitive-bullshit/chatgpt-api/issues/560
1064,ISSUE,https://github.com/onysakura/news-daily/issues/3001
1065,ISSUE,https://github.com/meixger/hackernews-daily/issues/227
1066,ISSUE,https://github.com/hpi-swa-lab/babylonian-programming-smalltalk/issues/143
1067,ISSUE,https://github.com/joselcaguilar/azure-openai-ha/issues/28
1068,ISSUE,https://github.com/rizerphe/obsidian-companion/issues/10
1069,ISSUE,https://github.com/pyiron/pyiron_base/issues/1085
1071,ISSUE,https://github.com/betalgo/openai/issues/246
1072,ISSUE,https://github.com/chatwoot/chatwoot/issues/7034
1073,ISSUE,https://github.com/matrixgpt/matrix-chatgpt-bot/issues/159
1074,ISSUE,https://github.com/textlint/textlint/issues/1158
1075,ISSUE,https://github.com/ryuseisan/auto-chatgpt/issues/12
1076,ISSUE,https://github.com/jiacai2050/hot-posts/issues/275
1077,ISSUE,https://github.com/qunash/chatgpt-advanced/issues/173
1078,ISSUE,https://github.com/meixger/hackernews-daily/issues/231
1080,ISSUE,https://github.com/jiacai2050/hot-posts/issues/276
1082,ISSUE,https://github.com/debanjandhar12/logseq-chatgpt-plugin/issues/22
1083,ISSUE,https://github.com/zhayujie/chatgpt-on-wechat/issues/1058
1085,ISSUE,https://github.com/jestjs/jest/issues/14131
1086,ISSUE,https://github.com/zhayujie/chatgpt-on-wechat/issues/1063
1088,ISSUE,https://github.com/zhayujie/chatgpt-on-wechat/issues/1082
1089,ISSUE,https://github.com/ryuseisan/auto-chatgpt/issues/19
1090,ISSUE,https://github.com/sagemathinc/cocalc/issues/6702
1091,ISSUE,https://github.com/moeakwak/chatgpt-web-share/issues/152
1095,ISSUE,https://github.com/dbt-labs/docs.getdbt.com/issues/3367
1096,ISSUE,https://github.com/openai/chatgpt-retrieval-plugin/issues/246
1098,ISSUE,https://github.com/lrorpilla/jidoujisho/issues/207
1099,ISSUE,https://github.com/zhayujie/chatgpt-on-wechat/issues/1098
1101,ISSUE,https://github.com/ad-freiburg/qlever/issues/978
1104,ISSUE,https://github.com/zhayujie/chatgpt-on-wechat/issues/1111
1105,ISSUE,https://github.com/jiacai2050/hot-posts/issues/286
1106,ISSUE,https://github.com/openai/openai-cookbook/issues/428
1107,ISSUE,https://github.com/openai/openai-python/issues/453
1108,ISSUE,https://github.com/zhayujie/chatgpt-on-wechat/issues/1118
1109,ISSUE,https://github.com/google/mediapipe/issues/4428
1110,ISSUE,https://github.com/reorx/awesome-chatgpt-api/issues/62
1112,ISSUE,https://github.com/meixger/hackernews-daily/issues/243
1113,ISSUE,https://github.com/ricklamers/gpt-code-ui/issues/1
1114,ISSUE,https://github.com/zhayujie/chatgpt-on-wechat/issues/1120
1115,ISSUE,https://github.com/vasilecampeanu/obsidian-weaver/issues/35
1116,ISSUE,https://github.com/formkiq/formkiq-core/issues/125
1117,ISSUE,https://github.com/jiacai2050/hot-posts/issues/288
1118,ISSUE,https://github.com/zhayujie/chatgpt-on-wechat/issues/1125
1119,ISSUE,https://github.com/gsantner/markor/issues/2046
1120,ISSUE,https://github.com/meixger/hackernews-daily/issues/245
1122,ISSUE,https://github.com/onysakura/news-daily/issues/3077
1123,ISSUE,https://github.com/jiacai2050/hot-posts/issues/290
1124,ISSUE,https://github.com/zhayujie/chatgpt-on-wechat/issues/1134
1125,ISSUE,https://github.com/karfly/chatgpt_telegram_bot/issues/288
1126,ISSUE,https://github.com/onysakura/news-daily/issues/3081
1127,ISSUE,https://github.com/mozilla/pdf.js/issues/16458
1129,ISSUE,https://github.com/zhayujie/chatgpt-on-wechat/issues/1140
1130,ISSUE,https://github.com/onysakura/news-daily/issues/3085
1131,ISSUE,https://github.com/openai/chatgpt-retrieval-plugin/issues/281
1132,ISSUE,https://github.com/onysakura/news-daily/issues/3089
1133,ISSUE,https://github.com/whoiskatrin/chart-gpt/issues/68
1134,ISSUE,https://github.com/zhayujie/chatgpt-on-wechat/issues/1147
1135,ISSUE,https://github.com/livekit-examples/kitt/issues/8
1137,ISSUE,https://github.com/openai/openai-cookbook/issues/463
1142,ISSUE,https://github.com/raycast/extensions/issues/6825
1143,ISSUE,https://github.com/brianpetro/obsidian-smart-connections/issues/225
1144,ISSUE,https://github.com/aandrew-me/tgpt/issues/37
1145,ISSUE,https://github.com/lyfe00011/whatsapp-bot-md/issues/223
1146,ISSUE,https://github.com/zhayujie/chatgpt-on-wechat/issues/1178
1149,ISSUE,https://github.com/krystalan/chatgpt_as_nlg_evaluator/issues/2
1150,ISSUE,https://github.com/openai/plugins-quickstart/issues/48
1152,ISSUE,https://github.com/unocss/unocss/issues/2707
1153,ISSUE,https://github.com/zhayujie/chatgpt-on-wechat/issues/1199
1154,ISSUE,https://github.com/openmpf/openmpf/issues/1691
1155,ISSUE,https://github.com/hibobmaster/matrix_chatgpt_bot/issues/20
1157,ISSUE,https://github.com/flathunters/flathunter/issues/401
1160,ISSUE,https://github.com/interstellard/chatgpt-advanced/issues/195
1161,ISSUE,https://github.com/glific/glific/issues/2817
1162,ISSUE,https://github.com/manuelkiessling/php-ai-tool-bridge/issues/3
1166,ISSUE,https://github.com/madkarmaa/automatic-chatgpt-dan/issues/5
1168,ISSUE,https://github.com/robusta-dev/chatgpt-yaml-generator/issues/1
1170,ISSUE,https://github.com/meixger/hackernews-daily/issues/265
1172,ISSUE,https://github.com/zubyj/leetcode-explained/issues/27
1173,ISSUE,https://github.com/arxiv-vanity/arxiv-vanity/issues/766
1174,ISSUE,https://github.com/subconsciousnetwork/subconscious/issues/703
1175,PULL-REQUEST,https://github.com/danielgross/whatsapp-gpt/pull/2
1176,PULL-REQUEST,https://github.com/danielgross/whatsapp-gpt/pull/3
1179,PULL-REQUEST,https://github.com/taranjeet/unofficial-chatgpt-api/pull/8
1181,PULL-REQUEST,https://github.com/transitive-bullshit/chatgpt-api/pull/13
1182,PULL-REQUEST,https://github.com/transitive-bullshit/chatgpt-api/pull/15
1183,PULL-REQUEST,https://github.com/wong2/chatgpt-google-extension/pull/48
1188,PULL-REQUEST,https://github.com/transitive-bullshit/chatgpt-api/pull/53
1190,PULL-REQUEST,https://github.com/m1guelpf/chatgpt-telegram/pull/43
1191,PULL-REQUEST,https://github.com/kiranvshah/chatgpt-helper/pull/18
1193,PULL-REQUEST,https://github.com/raycast/extensions/pull/3849
1195,PULL-REQUEST,https://github.com/transitive-bullshit/chatgpt-api/pull/97
1196,PULL-REQUEST,https://github.com/fuergaosi233/wechat-chatgpt/pull/348
1197,PULL-REQUEST,https://github.com/kxxt/chatgpt-action/pull/29
1198,PULL-REQUEST,https://github.com/wong2/chatgpt-google-extension/pull/113
1199,PULL-REQUEST,https://github.com/kxxt/chatgpt-action/pull/30
1202,PULL-REQUEST,https://github.com/demisto/content/pull/23299
1203,PULL-REQUEST,https://github.com/vercel/nextjs-discord-bot/pull/12
1213,PULL-REQUEST,https://github.com/explosion/prodigy-openai-recipes/pull/54
1214,PULL-REQUEST,https://github.com/ant-design/ant-design/pull/40374
1215,PULL-REQUEST,https://github.com/explosion/prodigy-openai-recipes/pull/55
1216,PULL-REQUEST,https://github.com/cirolini/chatgpt-github-actions/pull/1
1220,PULL-REQUEST,https://github.com/cirolini/chatgpt-github-actions/pull/7
1223,PULL-REQUEST,https://github.com/kxxt/chatgpt-action/pull/60
1224,PULL-REQUEST,https://github.com/nadvolod/js-code/pull/57
1225,PULL-REQUEST,https://github.com/kxxt/chatgpt-action/pull/61
1226,PULL-REQUEST,https://github.com/realies/chatgpt-telegram-bot/pull/6
1227,PULL-REQUEST,https://github.com/explosion/prodigy-openai-recipes/pull/58
1228,PULL-REQUEST,https://github.com/explosion/prodigy-openai-recipes/pull/59
1229,PULL-REQUEST,https://github.com/kxxt/chatgpt-action/pull/62
1230,PULL-REQUEST,https://github.com/devcontainers-contrib/features/pull/317
1231,PULL-REQUEST,https://github.com/kxxt/chatgpt-action/pull/64
1234,PULL-REQUEST,https://github.com/sealdice/javascript/pull/10
1238,PULL-REQUEST,https://github.com/teaxyz/pantry/pull/395
1241,PULL-REQUEST,https://github.com/microsoft/pyright/pull/4648
1244,PULL-REQUEST,https://github.com/nwnxee/unified/pull/1584
1246,PULL-REQUEST,https://github.com/kxxt/chatgpt-action/pull/72
1248,PULL-REQUEST,https://github.com/realies/chatgpt-telegram-bot/pull/9
1249,PULL-REQUEST,https://github.com/pacholoamit/chatgpt-prompts/pull/13
1250,PULL-REQUEST,https://github.com/transitive-bullshit/chatgpt-api/pull/373
1251,PULL-REQUEST,https://github.com/kxxt/chatgpt-action/pull/73
1252,PULL-REQUEST,https://github.com/fleece-the-flock/cuttlefish/pull/9
1256,PULL-REQUEST,https://github.com/pnp/sp-dev-fx-aces/pull/125
1258,PULL-REQUEST,https://github.com/mmabrouk/chatgpt-wrapper/pull/144
1259,PULL-REQUEST,https://github.com/realies/chatgpt-telegram-bot/pull/10
1261,PULL-REQUEST,https://github.com/fleece-the-flock/cuttlefish/pull/10
1262,PULL-REQUEST,https://github.com/fleece-the-flock/cuttlefish/pull/11
1264,PULL-REQUEST,https://github.com/fleece-the-flock/cuttlefish/pull/12
1265,PULL-REQUEST,https://github.com/kxxt/chatgpt-action/pull/76
1266,PULL-REQUEST,https://github.com/getsentry/sentry/pull/45298
1268,PULL-REQUEST,https://github.com/santiment/sanbase2/pull/3707
1270,PULL-REQUEST,https://github.com/unsafecoerce/chatgpt-action/pull/27
1272,PULL-REQUEST,https://github.com/fleece-the-flock/cuttlefish/pull/13
1273,PULL-REQUEST,https://github.com/kxxt/chatgpt-action/pull/77
1274,PULL-REQUEST,https://github.com/not-poma/lazyshell/pull/1
1277,PULL-REQUEST,https://github.com/jerpint/buster/pull/65
1278,PULL-REQUEST,https://github.com/berkeley-dsep-infra/datahub/pull/4320
1281,PULL-REQUEST,https://github.com/fleece-the-flock/cuttlefish/pull/15
1283,PULL-REQUEST,https://github.com/mindflowai/mindflow/pull/62
1284,PULL-REQUEST,https://github.com/reorx/awesome-chatgpt-api/pull/12
1285,PULL-REQUEST,https://github.com/kxxt/chatgpt-action/pull/78
1286,PULL-REQUEST,https://github.com/fleece-the-flock/cuttlefish/pull/16
1287,PULL-REQUEST,https://github.com/reorx/awesome-chatgpt-api/pull/20
1288,PULL-REQUEST,https://github.com/hwchase17/chat-langchain/pull/23
1289,PULL-REQUEST,https://github.com/fluxninja/aperture/pull/1539
1290,PULL-REQUEST,https://github.com/madebygps/timestamper/pull/2
1291,PULL-REQUEST,https://github.com/fleece-the-flock/cuttlefish/pull/17
1292,PULL-REQUEST,https://github.com/transitive-bullshit/chatgpt-api/pull/447
1293,PULL-REQUEST,https://github.com/reorx/awesome-chatgpt-api/pull/27
1296,PULL-REQUEST,https://github.com/10up/classifai/pull/405
1298,PULL-REQUEST,https://github.com/prompt-engineering/click-prompt/pull/89
1299,PULL-REQUEST,https://github.com/raycast/extensions/pull/5253
1300,PULL-REQUEST,https://github.com/transitive-bullshit/chatgpt-api/pull/460
1301,PULL-REQUEST,https://github.com/wordpress-mobile/gutenberg-mobile/pull/5545
1302,PULL-REQUEST,https://github.com/wordpress-mobile/gutenberg-mobile/pull/5547
1303,PULL-REQUEST,https://github.com/skyportal/skyportal/pull/4029
1305,PULL-REQUEST,https://github.com/youngle316/chatgpt-nextjs/pull/30
1309,PULL-REQUEST,https://github.com/openai/openai-cookbook/pull/206
1311,PULL-REQUEST,https://github.com/pacholoamit/chatgpt-prompts/pull/25
1313,PULL-REQUEST,https://github.com/debanjum/khoj/pull/183
1315,PULL-REQUEST,https://github.com/fleece-the-flock/cuttlefish/pull/18
1316,PULL-REQUEST,https://github.com/fleece-the-flock/cuttlefish/pull/19
1317,PULL-REQUEST,https://github.com/esteinmann/chatgpt-convdown/pull/27
1319,PULL-REQUEST,https://github.com/unsafecoerce/chatgpt-action/pull/39
1320,PULL-REQUEST,https://github.com/raycast/extensions/pull/5306
1321,PULL-REQUEST,https://github.com/alejandro-ao/chatgpt-equations/pull/1
1324,PULL-REQUEST,https://github.com/yuvalsuede/ai-component-generator/pull/22
1325,PULL-REQUEST,https://github.com/pacholoamit/chatgpt-prompts/pull/27
1326,PULL-REQUEST,https://github.com/exoascension/vault-chat/pull/6
1327,PULL-REQUEST,https://github.com/radio-t/super-bot/pull/94
1330,PULL-REQUEST,https://github.com/fleece-the-flock/cuttlefish/pull/20
1333,PULL-REQUEST,https://github.com/hashicorp/pandora/pull/2251
1336,PULL-REQUEST,https://github.com/prompt-engineering/click-prompt/pull/122
1338,PULL-REQUEST,https://github.com/pacholoamit/chatgpt-prompts/pull/29
1339,PULL-REQUEST,https://github.com/karfly/chatgpt_telegram_bot/pull/140
1342,PULL-REQUEST,https://github.com/deeppavlov/dream/pull/349
1343,PULL-REQUEST,https://github.com/fleece-the-flock/cuttlefish/pull/21
1344,PULL-REQUEST,https://github.com/exoascension/vault-chat/pull/23
1345,PULL-REQUEST,https://github.com/noteable-io/genai/pull/66
1346,PULL-REQUEST,https://github.com/noteable-io/genai/pull/67
1347,PULL-REQUEST,https://github.com/glific/glific/pull/2709
1348,PULL-REQUEST,https://github.com/transitive-bullshit/chatgpt-api/pull/485
1349,PULL-REQUEST,https://github.com/pacholoamit/chatgpt-prompts/pull/30
1351,PULL-REQUEST,https://github.com/fuergaosi233/wechat-chatgpt/pull/781
1357,PULL-REQUEST,https://github.com/jackmcguire1/alexa-chatgpt/pull/1
1360,PULL-REQUEST,https://github.com/chathub-dev/chathub/pull/172
1361,PULL-REQUEST,https://github.com/chathub-dev/chathub/pull/173
1363,PULL-REQUEST,https://github.com/askrella/whatsapp-chatgpt/pull/168
1364,PULL-REQUEST,https://github.com/meganetaaan/stack-chan/pull/151
1369,PULL-REQUEST,https://github.com/iotexproject/iotex-core/pull/3830
1371,PULL-REQUEST,https://github.com/iotexproject/iotex-core/pull/3832
1376,PULL-REQUEST,https://github.com/iotexproject/iotex-core/pull/3836
1377,PULL-REQUEST,https://github.com/sigoden/aichat/pull/102
1379,PULL-REQUEST,https://github.com/sturdy-dev/codereview.gpt/pull/14
1380,PULL-REQUEST,https://github.com/jbangdev/jbang/pull/1603
1381,PULL-REQUEST,https://github.com/fleece-the-flock/cuttlefish/pull/24
1382,PULL-REQUEST,https://github.com/antoinejaussoin/retro-board/pull/512
1383,PULL-REQUEST,https://github.com/go-go-golems/geppetto/pull/49
1384,PULL-REQUEST,https://github.com/yihong0618/bilingual_book_maker/pull/213
1386,PULL-REQUEST,https://github.com/not-poma/lazyshell/pull/8
1388,PULL-REQUEST,https://github.com/robusta-dev/kubernetes-chatgpt-bot/pull/12
1389,PULL-REQUEST,https://github.com/logto-io/logto/pull/3639
1390,PULL-REQUEST,https://github.com/logto-io/logto/pull/3641
1394,PULL-REQUEST,https://github.com/artsy/force/pull/12178
1398,PULL-REQUEST,https://github.com/dolthub/dolt/pull/5677
1401,PULL-REQUEST,https://github.com/anse-app/chatgpt-demo/pull/340
1402,PULL-REQUEST,https://github.com/openai/openai-cookbook/pull/315
1404,PULL-REQUEST,https://github.com/contentful/apps/pull/3057
1405,PULL-REQUEST,https://github.com/sturdy-dev/codereview.gpt/pull/20
1407,PULL-REQUEST,https://github.com/luffy-xu/huskygpt/pull/21
1410,PULL-REQUEST,https://github.com/fleece-the-flock/cuttlefish/pull/25
1413,PULL-REQUEST,https://github.com/timkmecl/chatgpt-vscode/pull/24
1414,PULL-REQUEST,https://github.com/timkmecl/chatgpt-vscode/pull/25
1416,PULL-REQUEST,https://github.com/thechangelog/transcripts/pull/1130
1420,PULL-REQUEST,https://github.com/harness/harness-core/pull/46351
1421,PULL-REQUEST,https://github.com/chronark/highstorm/pull/10
1424,PULL-REQUEST,https://github.com/scala-works/scala-works/pull/17
1425,PULL-REQUEST,https://github.com/woocommerce/woocommerce/pull/37716
1427,PULL-REQUEST,https://github.com/openai/plugins-quickstart/pull/8
1430,PULL-REQUEST,https://github.com/raycast/extensions/pull/5962
1435,PULL-REQUEST,https://github.com/reorx/awesome-chatgpt-api/pull/55
1443,PULL-REQUEST,https://github.com/yihong0618/duolingo_remember/pull/5
1445,PULL-REQUEST,https://github.com/vanus-labs/vanus-connect/pull/349
1446,PULL-REQUEST,https://github.com/whoiskatrin/chart-gpt/pull/33
1454,PULL-REQUEST,https://github.com/fleece-the-flock/cuttlefish/pull/30
1456,PULL-REQUEST,https://github.com/raycast/extensions/pull/6322
1457,PULL-REQUEST,https://github.com/spytrap-org/spytrap-adb/pull/28
1460,PULL-REQUEST,https://github.com/reorx/awesome-chatgpt-api/pull/59
1461,PULL-REQUEST,https://github.com/exercism/website/pull/5370
1462,PULL-REQUEST,https://github.com/efdevcon/streameth/pull/24
1464,PULL-REQUEST,https://github.com/seratch/chatgpt-on-deno/pull/1
1466,PULL-REQUEST,https://github.com/elastic/kibana/pull/157117
1471,PULL-REQUEST,https://github.com/ingyamilmolinar/doctorgpt/pull/20
1473,PULL-REQUEST,https://github.com/odoo/odoo/pull/121021
1476,PULL-REQUEST,https://github.com/growthbook/growthbook/pull/1283
1477,PULL-REQUEST,https://github.com/ryuseisan/auto-chatgpt/pull/24
1478,PULL-REQUEST,https://github.com/angular/angular/pull/50317
1479,PULL-REQUEST,https://github.com/ynnadkrap/balldontlie/pull/120
1480,PULL-REQUEST,https://github.com/databricks/databricks-sql-python/pull/129
1482,PULL-REQUEST,https://github.com/owid/owid-grapher/pull/2236
1483,PULL-REQUEST,https://github.com/windingwind/zotero-pdf-translate/pull/469
1488,PULL-REQUEST,https://github.com/matrixorigin/matrixone/pull/9685
1490,PULL-REQUEST,https://github.com/concrete-utopia/utopia/pull/3744
1493,PULL-REQUEST,https://github.com/georgia-tech-db/eva/pull/801
1494,PULL-REQUEST,https://github.com/fleece-the-flock/cuttlefish/pull/33
1498,PULL-REQUEST,https://github.com/sobelio/llm-chain/pull/153
1499,PULL-REQUEST,https://github.com/solita/solita.github.com/pull/497
1501,PULL-REQUEST,https://github.com/deepset-ai/haystack/pull/5116